INCLUIR DADOS NA SEQUENCIA SEM ALTERAR OUTRAS INFORMAÇÕES NA PLANILHA,,,
SARF,IG,CNPJ,RAZÃO SOCIAL
201200488,CNPJ,82508433000117,COMPANHIA CATARINENSE DE ÁGUAS E SANEAMENTO - CASAN
201300175,CNPJ,00521113000132,SALVER CONSTRUTORA E INCORPORADORA LTDA
201300253,CNPJ,CNPJ,CENTRAIS ELÉTRICAS DE SANTA CATARINA S.A.
201400175,CNPJ,50668722001916,PROACTIVA MEIO AMBIENTE BRASIL LTDA
201400176,CNPJ,50668722001916,PROACTIVA MEIO AMBIENTE BRASIL LTDA
201400207,CNPJ,02531343000108,ADSERVI ADMINISTRADORA DE SERVIÇOS LTDA
201400219,CNPJ,00521113000132,SALVER CONSTRUTORA E INCORPORADORA LTDA
201400253,CNPJ,79283065000141,ORBENK ADMINISTRAÇÃO E SERVIÇOS LTDA
201500002,CNPJ,79283065000141,ORBENK ADMINISTRAÇÃO E SERVIÇOS LTDA
201500022,CNPJ,83953331000173,ONDREPSB LIMPEZA E SERVICOS ESPECIAIS LTDA.
201500024,CNPJ,83953331000173,ONDREPSB LIMPEZA E SERVIÇOS ESPECIAIS LTDA
201500025,CNPJ,03181576000190,EMBRASP COMÉRCIO E SERVIÇOS DE SEGURANÇA LTDA
201500026,CNPJ,79283065000141,ORBENK ADMINISTRAÇÃO E SERVIÇOS LTDA
201500033,CNPJ,07593524000182,BRASILRECRUTA MAO DE OBRA EIRELI
201500054,CNPJ,97542342000175,RT IMOBILIARIA LTDA - ME
201500059,CNPJ,83953331000173,ONDREPSB LIMPEZA E SERVICOS ESPECIAIS LTDA
201500122,CNPJ,83476911000117,FUNDACAO DE AMPARO A PESQUISA E EXTENSAO UNIVERSITARIA
201500135,CNPJ,83476911000117,FUNDAÇÃO DE AMPARO A PESQUISA E EXTENSÃO UNIVERSITÁRIA
201500178,CNPJ,72332778000109,T.O.S. OBRAS E SERVIÇOS AMBIENTAIS LTDA
201500202,CNPJ,04258566000179,ANTONINI INVENÇÕES EIRELI
20150022/,CNPJ,83953331000173,ONDREPSB LIMPEZA E SERVIÇOS ESPECIAIS LTDA
20150026/,CNPJ,79283065000142,ORBENK ADMINISTRAÇÃO E SERVIÇOS LTDA
201600008,CNPJ,00482840000138,LIDERANÇA LIMPEZA E CONSERVAÇÃO LTDA
201600020,CNPJ,17101531000173,MICROCABLE SERVICOS E EQUIPAMENTOSLTDA
201600031,CNPJ,02531343000108,ADSERVI ADMINISTRADORA DE SERVIÇOS LTDA
201600043,CNPJ,79283065000141,ORBENK ADMINISTRAÇÃO E SERVIÇOS LTDA
201600045,CNPJ,77998912000129,MASTER VIGILANCIA ESPECIALIZADA LTDA
201600046,CNPJ,05497780000140,ADSERVIG VIGILANCIA LTDA
201600047,CNPJ,04629488000171,KHRONOS SEGURANCA PRIVADA LTDA
201600053,CNPJ,14546164000123,LUPA SEGURANCA LTDA
201600059,CNPJ,83953331000173,ONDREPSB LIMPEZA E SERVIÇOS ESPECIAIS LTDA
201600062,CNPJ,09249662000174,SETUP SERVIÇOS ESPECIALIZADOS LTDA
201600115,CNPJ,82949652000131,ONDREPSB LIMPEZA E SERVIÇOS ESPECIAIS LTDA
201600123,CNPJ,77998912000129,MASTER VIGILANCIA ESPECIALIZADA LTDA
201600125,IC1900125,09285968000186,A4 DIGITAL PRINT LTDA
201600134,CNPJ,06958015000143,SILVESTRI GUARDERIA NAUTICA LTDA
201600143,CNPJ,82895327000133,FUNDAÇÃO DE ENSINO E ENGENHARIA DE SANTA CATARINA
201600157,CNPJ,90180605000102,GENTE SEGURADORA AS
201600183,CNPJ,04622116000113,ALGAR MULTIMIDA S.A.
201600197,CNPJ,17324394000136,STARK ENERGIA EIRELI
201600234,CNPJ,02531343000108,ADSERVI - ADMINISTRADORA DE SERVIÇOS LTDA
201600235,CNPJ,00482840000138,LIDERANÇA LIMPEZA E CONSERVAÇÃO LTDA
201600243,CNPJ,02531343000108,ADSERVI - ADMINISTRADORA DE SERVIÇOS LTDA
201600245,CNPJ,82664327000122,SOCIEDADE DESPORTIVA VASTO VERDE
201600246,CNPJ,82895327000133,FUNDACAO DE ENSINO E ENGENHARIA DE SANTA CATARINA.
201600249,CNPJ,83476911000117,FUNDAÇÃO DE AMPARO A PESQUISA E EXTENSÃO UNIVERSITÁRIA
201600258,CNPJ,00482840000138,LIDERANÇA LIMPEZA E CONSERVAÇÃO LTDA
201600262,CNPJ,02469364000140,BIOVETOR SERVICOS ESPECIALIZADOS -EIRELI
201600282,CNPJ,82895327000133,FUNDAÇÃO DE ENSINO E ENGENHARIA DE SANTA CATARINA
201600299,CNPJ,02797782000167,ELEVACON ELEVADORES CONSERVACAO E MANUTENCAO LTDA
201600305,CNPJ,11967535000152,SC SEG SERVIÇOS ESPECIALIZADOS EIRELI
201700001,CNPJ,00482840000138,LIDERANÇA LIMPEZA E CONSERVAÇÃO LTDA
201700015,CNPJ,17324394000136,STARK ENERGIA EIRELI
201700016,CNPJ,17324394000136,STARK ENERGIA EIRELI
201700040,CNPJ,00813763000151,RENATO HENRIQUE - EPP
201700043,CNPJ,09529872000116,TRABISERV GESTAO EMPRESARIAL -EIRELI
201700046,CNPJ,85240869000166,ILHA SERVICE TECNOLOGIA E SERVIÇOS LTDA
201700047,CNPJ,08920547000117,OLIVIER - MICHELLY LAVANDERIA LTDA
201700049,CNPJ,83476911000117,FUNDAÇÃO DE AMPARO A PESQUISA E EXTENSÃO UNIVERSITÁRIA
201700059,CNPJ,02531343000108,ADSERVI *- ADMINISTRADORA DE SERVIÇOS LTDA
201700060,CNPJ,04629488000171,KHRONOS SEGURANCA PRIVADA LTDA
201700066,CNPJ,01101142000108,ECOLUX ENGENHARIA E ILUMINACAO LTDA
201700067,CNPJ,76659820000151,ASSOCIACAO PARANAENSE DE CULTURA - APC
201700074,CNPJ,95832986000172,INVIOLAVEL SEGURANCA 24 HORAS LTDA
201700094,CNPJ,82664327000122,SOCIEDADE DESPORTIVA VASTO VERDE
201700097,CNPJ,09529872000116,TRABISERV GESTAO EMPRESARIAL -EIRELI
201700100,CNPJ,05775079000146,TECHGRAFICA COMERCIO E SERVIÇOS DE MANUTENÇÃO LTDA
201700110,CNPJ,90480605000102,GENTE SEGURADORA AS
201700111,CNPJ,07691746000138,ADIRLEIA DENES BROERING - ME
201700198,CNPJ,00336036000140,COINVALORES CORRET DE CAMBIO E VALS MOBILIARI
201700205,CNPJ,83476911000117,FUNDACAO DE AMPARO A PESQUISA E EXTENSAO UNIVERSITARIA
201700207,CNPJ,82574864000181,₢OOP. PREST SERV. PUB E E S ESTEVES JUNIOR
201700221,CNPJ,79283065000141,ORBENK ADMINISTRAÇÃO E SERVIÇOS LTDA
201700234,CNPJ,04298489000180,ROMARCK GERADORES COMERCIO E SERVICOS LTDA
201700247,CNPJ,07502330000124,ENGENHARIA DE EVENTOS EIRELI - EPP
201700266,CNPJ,19874652000183,CA PRATOMIL RESTAURANTES EMPRESARIAIS LTDA
201700301,CNPJ,07432517000107,"SIMPRESS COMERCIO, LOCACAO E SERVICOS LTDA"
201700316,CNPJ,17324394000136,STARK ENERGIA EIRELI
201700322,CNPJ,83566299000173,FUNDAÇÃO DE ESTUDOS E PESQUISAS - SOCIO ECONOMICAS
201700343,CNPJ,82895327000133,FUNDAÇÃO DE ENSINO E ENGENHARIA DE SANTA CATARINA
201700344,CNPJ,83476911000117,FUNDAÇÃO DE AMPARO A PESQUISA E EXTENSÃO UNIVERS.
201700353,CNPJ,82639071000101,EGON GRAHL ADMINISTRADORA DE BENS LTDA
201800148,CNPJ,33402892000106,ASSOCIACAO BRASILEIRA DE NORMAS TECNICAS ABNT
201800158,CNPJ,17079925000172,CALECHE COMERCIO E SERVIÇOS LTDA
201800159,CNPJ,00482840000138,LIDERANÇA LIMPEZA E CONSERVAÇÃO LTDA
201800162,CNPJ,13711592000363,PAMELA A. R. DE ALCANTARA - TURISMO
201800178,CNPJ,00482840000138,LIDERANÇA LIMPEZA E CONSERVAÇÃO LTDA
201800184,CNPJ,00482840000138,LIDERANÇA LIMPEZA E CONSERVAÇÃO LTDA
201800188,CNPJ,43209436000106,ACECO TI LTDA
201800214,CNPJ,83953331000173,ONDREPSB LIMPEZA E SERVICOS ESPECIAIS LTDA.
201800218,CNPJ,19874652000183,CA PRATOMIL RESTAURANTES EMPRESARIAIS LTDA
201800228,CNPJ,05994708000129,ENEGISUL COMERCIO E SERVIÇOS LTDA
201800238,CNPJ,18856742000189,ASSERTIVA COMERCIO E SERVICOS LTDA
201800253,CNPJ,19387123000155,J R SILVA MANUTENCAO DE APARELHOS DE MEDIDA TESTE E CON.
201800271,CNPJ,42356782000146,EBSCO BRASIL LTDA
201800274,CNPJ,05399372000156,CASA MOREIRA EVENTOS LTDA EPP
201800285,CNPJ,00482840000138,LIDERANÇA LIMPEZA E CONSERVAÇÃO LTDA
201800289,CNPJ,04433214000102,EVENTUAL LIVE MARKETING DIRETO - EIRELI
201800299,CNPJ,83566299000173,FUNDAÇÃO DE ESTUDOS E PESQUISAS - SOCIO ECONOMICAS
201800315,CNPJ,40432544000147,CLARO S.A.
201800317,CNPJ,02512121000148,CENTRO CATARINENSE DE APOIO AAUDICAO - EIRELI
201800328,CNPJ,02469364000140,BIOVETOR SERVICOS ESPECIALIZADOS - EIRELI
201800343,CNPJ,02531343000108,ADSERVI ADMINISTRADORA DE SERVIÇOS LTDA
201800377,CNPJ,20810747000112,E W T BRASIL ELEVADORES LTDA
201800505,CNPJ,50400407000184,PROVAC TERCEIRIZAÇÃO DE MÃO DE OBRA LTDA
201800555,CNPJ,50400407000184,PROVAC TERCEIRIZAÇÃO DE MÃO DE OBRA LTDA
201800567,CNPJ,83476911000117,FUNDAÇÃO DE AMPARO A PESQUISA E EXTENSÃO UNIVERS.
201800570,CNPJ,83476911000117,FUNDAÇÃO DE AMPARO A PESQUISA E EXTENSÃO UNIVERS.
201800571,CNPJ,83476911000117,FUNDAÇÃO DE AMPARO A PESQUISA E EXTENSÃO UNIVERSITÁRIA
201800579,CNPJ,00005761176920,AR EXECUÇÃO SE SERVIÇOS E COMERCIO LTDA
201800582,CNPJ,83566299000173,FUNDAÇÃO DE ESTUDOS E PESQUISAS SOCIOECONOMICAS
201800593,CNPJ,01098340000160,GEFISA CONSTRUTORA E INCORPORADORA LTDA
201800629,CNPJ,22946681000118,RAC SOLUÇÕES EM TECNOLOGIAS SERVIÇOS EIRELI
201800633,CNPJ,01098340000160,GEFISA CONSTRUTORA E INCORPORADORA LTDA
201900014,CNPJ,15583923000190,DEDETIZADORA PLANALTO E SERVICOS LTDA
201900016,CNPJ,04433214000102,EVENTUAL LIVE MARKETING DIRETO EIRELI
201900017,CNPJ,15583923000190,DEDETIZADORA PLANALTO E SERVICOS LTDA
201900019,CNPJ,02531343000108,ADSERVI - ADMINISTRADORA DE SERVICOS LTDA
201900020,CNPJ,02531343000108,ADSERVI - ADMINISTRADORA DE SERVICOS LTDA
201900021,CNPJ,83476911000117,FUNDACAO DE AMPARO A PESQUISA E EXTENSAO UNIVERSITARIA
201900026,CNPJ,26370279000199,L C F SERVICOS LTDA
201900030,CNPJ,04483570000130,ANGELA BEATRIZ DA COSTA SALOMÃO EIRELI
201900034,CNPJ,03049623000147,VICARI COMÉRCIO DE EXTINTORES LTDA
201900036,CNPJ,00482840000138,LIDERANÇA LIMPEZA E CONSERVAÇÃO LTDA
201900037,CNPJ,25165749000110,NEO CONSULTORIA E ADMINISTRACAO DE BENEFICIOS EIRELI
201900038,IC1900038,25165749000110,NEO CONSULTORIA E ADMINISTR ACAO DE BENEFICIOS EIRELI.
201900046,CNPJ,14048837000115,ELOTECH SERVIÇOS INDUSTRIAIS LTDA
201900048,CNPJ,21318535000185,PINHEIRINHO SERVIÇOS ELÉTRICOS EIRELI
201900049,CNPJ,09249662000174,SETUP SERVICOS ESPECIALIZADOS LTDA
201900050,CNPJ,09134633000167,LHL MANUTENCAO E INSTALACAO DE AR CONDICIONAD
201900075,IC1900075,10706379000103,CVM LIMPEZA E CONSERVAÇÃO LTDA
201900077,IC1900077,22538500000114,RIOGRANDENSE CONSTRUTORA DE EDIFICIOS EIRELI
201900080,IC1900080,77853083000196,AGASERV COMERCIO E ASSISTENCIA TECNICA EIRELI
201900081,IC1900081,02248026000189,PEDRO JOEL MUNIZ
201900082,IC1900082,82895327000133,FUNDAÇÃO DE ENSINO E ENGENHARIA DE SANTA CATARINA
201900084,IC1900084,09492811000121,NITROTEC COMERCIO DE PRODUTOS AGROPÇECUARIOS LTDA
201900085,CNPJ,09249662000174,SETUP SERVICOS ESPECIALIZADOS LTDA
201900086,IC1900086,03770521000116,CONTEMAR AMBIENTAL COMERCIO DE CONTAINERS LTDA
201900087,IC1900087,02531343000108,ADSERVI ADMINISTRADORA DE SERVIÇOS LTDA
201900090,IC1900090,82895327000133,FUNDAÇÃO DE ENSINO E ENGENHARIA DE SANTA CATARINA
201900091,IC1900091,15675029000140,J.A.F. DORNELLES FILHO COM DE INFORMÁTICA
201900092,IC1900092,12630233000157,D BERLATO E CIA LTDA
201900094,CNPJ,83413591000318,DICAPEL PAPEIS E EMBALAGENS LTDA
201900113,IC1900113,05368504000182,E&AR EQUIPAMENTOS DE REFRIGERAÇÃO EIRELI
201900115,IC1900115,82895327000133,FUNDAÇÃO DE ENSINO E ENGENHARIA DE SANTA CATARINA
201900117,IC1900117,82895327000133,FUNDAÇÃO DE ENSINO E ENGENHARIA DE SANTA CATARINA
201900118,IC1900118,82895327000133,FUNDAÇÃO DE ENSINO E ENGENHARIA DE SANTA CATARINA
201900120,IC1900120,26407827000108,REALIZA EVENTOS EIRELI
201900123,IC1900123,17688208000148,ASSCON-PP ASSESSORIA E CONSULTORIA PUBLICA PRIVADA LTDA
201900142,IC1900142,29767832000110,CONSTRUTORA VIEIRA LTDA
201900143,IC1900143,17688208000148,ASSCON-PP ASSESSORIA E CONSULTORIA PUBLICA PRIVADA LTDA
201900144,IC1900144,83413591000318,DICAPEL PAPEIS E EMBALAGENS LTDA
201900145,IC1900145,07508171000175,VIGISOL SERVIÇOS DE LIMPEZA E CONSERVAÇÃO EIRELI
201900146,IC1900146,13512119000195,MUNIZ DUARTE ENGENHARIA LTDA
201900147,IC1900147,01418341000115,UATUMA TURISMO E EVENTOS EIRELI
201900148,IC1900148,92713114000105,CCM AUTOMACAO INDUSTRIAL LTDA
201900149,IC1900149,82895327000133,FUNDAÇÃO DE ENSINO E ENGENHARIA DE SANTA CATARINA
201900151,IC1900151,12630233000157,D BERLATO E CIA LTDA
201900153,IC1900153,24504598000114,STOP FIRE PROJETOS E SOLUÇÕS CONTRA INCENDIO EIRELI
201900154,IC1900154,24504598000114,STOP FIRE PROJETOS E SOLUÇÕS CONTRA INCENDIO EIRELI
201900155,IC1900155,09492811000121,NITROTEC COMERCIO DE PRODUTOS AGROPÇECUARIOS LTDA
201900157,IC1900157,21556019000199,TAVARES E SILVA CONSTRUCAO E REFORMAS LTDA
201900165,IC1900165,09330128000198,POWERCOM BRASIL GERADORES - EIRELI
201900167,CNPJ,83476911000117,FUNDACAO DE AMPARO A PESQUISA E EXTENSAO UNIVERSITARIA
201900168,IC1900168,82895327000133,FUNDAÇÃO DE ENSINO E ENGENHARIA DE SANTA CATARINA
201900171,IC1900171,15675029000140,J.A.F. DORNELLES FILHO COM DE INFORMÁTICA
201900172,IC1900172,83476911000117,FUNDACAO DE AMPARO A PESQUISA E EXTENSAO UNIVERSITARIA
201900174,IC1900174,82895327000133,FUNDAÇÃO DE ENSINO E ENGENHARIA DE SANTA CATARINA
201900175,IC1900175,82895327000133,FUNDAÇÃO DE ENSINO E ENGENHARIA DE SANTA CATARINA
201900176,IC1900176,82895327000133,FUNDAÇÃO DE ENSINO E ENGENHARIA DE SANTA CATARINA
201900177,IC1900177,82895327000133,FUNDAÇÃO DE ENSINO E ENGENHARIA DE SANTA CATARINA
201900178,IC1900178,82895327000133,FUNDAÇÃO DE ENSINO E ENGENHARIA DE SANTA CATARINA
201900183,IC1900183,83566299000173,FUNDAÇÃO DE ESTUDOS E PESQUISAS - SOCIO ECONOMICAS
201900184,IC1900184,06932604000152,EVA CONSTRUÇOES E INCORPORAÇÕES LTDA
201900186,IC1900186,15675029000140,J.A.F. DORNELLES FILHO COM DE INFORMÁTICA
201900187,IC1900187,20170243000185,ALIANÇA AR CONDICIONADO E ELETRICA EIRELI
201900188,IC1900188,11084999000110,JEOL BRASIL INSTRUMENTOS CIENTÍFICOS LTDA
201900189,IC1900189,04665574000130,ALPHA VISION COMERCIO E SERVIÇOES DE TELECOMUNICAÇÕES LTDA
201900190,IC1900190,08139234000126,PIEPER ELETRICA E CONSTRUÇÕES LTDA
201900191,IC1900191,13732493000104,MKI CLIMATIZAÇÃO LTDA
201900193,IC1900193,14515302000107,PREVEN MED SAUDE OCUPACIONAL LTDA
201900194,IC1900194,12630233000157,D BERLATO E CIA LTDA
201900195,IC1900195,03049623000147,VICARI COMÉRCIO DE EXTINTORES LTDA
201900196,IC1900196,03049623000147,VICARI COMÉRCIO DE EXTINTORES LTDA
201900198,IC1900198,15675029000140,J.A.F. DORNELLES FILHO COM DE INFORMÁTICA
201900199,IC1900199,04755378000156,BRUKER DO BRASIL COMERCIO E REPRESENTAÇÃO DE PRODUTOS
201900200,IC1900200,05368504000182,E&AR EQUIPAMENTOS DE REFRIGERAÇÃO EIRELI
201900202,IC1900202,08217177000156,FORTALLEZA ENGCLIN LTDA
201900203,IC1900203,06932604000153,EVA CONSTRUÇOES E INCORPORAÇÕES LTDA
201900204,IC1900204,10284045000199,NF COMERCIO E SERVIÇOS EIRELI
201900205,IC1900205,06932604000152,EVA CONSTRUÇOES E INCORPORAÇÕES LTDA
201900206,IC0190206,08139234000126,PIEPER ELETRICA E CONSTRUÇÕES LTDA
201900207,IC1900207,17688208000148,ASSCON-PP ASSESSORIA E CONSULTORIA PUBLICA PRIVADA LTDA
201900209,IC1900209,85388320000113,JM COMERCIO E PRESTACAO DE SERVICO LTDA
201900210,IC1900210,13732493000104,MKI CLIMATIZAÇÃO LTDA
201900211,IC1900211,06932604000154,EVA CONSTRUÇOES E INCORPORAÇÕES LTDA
201900212,IC1900212,26519663000100,M M RODRIGUES EIRELI
201900224,IC1900224,21556019000199,TAVARES E SILVA CONSTRUCAO E REFORMAS LTDA
201900225,IC1900225,83566299000173,FUNDAÇÃO DE ESTUDOS E PESQUISAS - SOCIO ECONOMICAS
201900226,IC1900226,83566299000173,FUNDAÇÃO DE ESTUDOS E PESQUISAS - SOCIO ECONOMICAS
201900227,IC1900227,04198254000117,MCR SISTEMAS E CONSULTORIA LTDA
201900228,IC1900228,19877285000252,LANLINK SOLUCOES E COMERCIALIZACAO EM INFORMATICA S/A
201900229,IC1900229,31837899000125,ALFA TELECOM COM E SERV DE TECNOLOGIA EM REDE
201900230,IC1900230,06105781000165,ZOOM TECNOLOGIA LTDA
201900233,IC1900223,21556019000199,TAVARES E SILVA CONSTRUCAO E REFORMAS LTDA
201900234,IC1900234,37770521000116,CONTEMAR AMBIENTAL COMERCIO DE CONTAINERS LTDA
201900235,IC1900235,10439655000114,PEDRO REGINALDO ALBERNAZ FARIA E FAGUNDES LTDA
201900294,IC1900294,82895327000133,FUNDAÇÃO DE ENSINO E ENGENHARIA DE SANTA CATARINA
201900295,IC1900295,10284045000199,NF COMERCIO E SERVIÇOS EIRELI
201900296,IC1900296,05775256000194,PROQUEST LATIN AMERICA SERVIÇOS E PRODUTOS PARA ACESSO
201900300,IC1900300,15675029000140,J.A.F. DORNELLES FILHO COM DE INFORMÁTICA
201900301,IC1900301,77853083000196,AGASERV COMERCIO E ASSISTENCIA TECNICA EIRELI
201900302,IC1900302,05368504000182,E & AR EQUIPAMENTOS DE REFRIGERAÇÃO EIRELI
201900305,IC1900305,15675029000140,J.A.F. DORNELLES FILHO COM DE INFORMÁTICA
201900307,IC1900307,83476911000117,FUNDACAO DE AMPARO A PESQUISA E EXTENSAO UNIVERSITARIA
201900308,IC1900308,29105107000186,CCL SERVICOS EM RODOVIAS - EIRELI
201900312,IC1900312,92713114000105,CCM AUTOMACAO INDUSTRIAL LTDA
201900314,IC1900314,53775862000152,INSTRUTHERM INSTRUM. DE MEDIÇÃO LTDA
201900316,IC1900316,82895327000133,FUNDAÇÃO DE ENSINO E ENGENHARIA DE SANTA CATARINA
201900317,IC1900317,13798155000167,MENDONCA & GONCALVES CONSTRUCOES E INCORPORAC
201900318,IC1900318,31660321000146,M P DE OLIVEIRA - COMERCIO
201900320,IC1900320,62413869000115,GIGANTE RECEM NASCIDO LTDA
201900323,IC1900323,15402398000160,MAXI EMPREENDIMENTOS IMOBILIARIOS LTDA
201900324,IC1900324,92713114000105,CCM AUTOMACAO INDUSTRIAL LTDA
201900325,IC1900325,04755378000156,BRUKER DO BRASIL COMERCIO E REPRESENTAÇÃO DE PRODUTOS
201900339,IC1900339,82895327000133,FUNDAÇÃO DE ENSINO E ENGENHARIA DE SANTA CATARINA
201900340,IC1900340,83566299000173,FUNDAÇÃO DE ESTUDOS E PESQUISAS - SOCIO ECONOMICAS
201900341,IC1900341,83476911000117,FUNDAÇÃO DE AMPARO A PESQUISA E EXTENSÃO UNIVERSITÁRIA
201900343,IC1900343,83476911000117,FUNDACAO DE AMPARO A PESQUISA E EXTENSAO UNIV
201900344,IC1900344,83476911000117,FUNDACAO DE AMPARO A PESQUISA E EXTENSAO UNIV
201900345,IC1900345,82895327000133,FUNDAÇÃO DE ENSINO E ENGENHARIA DE SANTA CATARINA
201900346,IC1900346,83476911000117,FUNDAÇÃO DE AMPARO A PESQUISA E EXTENSÃO UNIVERSITÁRIA
201900348,IC1900348,33418557000164,OHMLOG EQUIPAMENTOS PARA LABORATORIOS DE PESQUISA LTDA
201900349,IC1900349,83566299000173,FUNDAÇÃO DE ESTUDOS E PESQUISAS - SOCIO ECONOMICAS
201900350,IC1900350,82895327000133,FUNDAÇÃO DE ENSINO E ENGENHARIA DE SANTA CATARINA
201900351,IC1900351,83566299000173,FUNDAÇÃO DE ESTUDOS E PESQUISAS - SOCIO ECONOMICAS
201900352,IC1900352,83476911000117,FUNDACAO DE AMPARO A PESQUISA E EXTENSAO UNIV
201900353,IC1900353,83476911000117,FUNDAÇÃO DE AMPARO A PESQUISA E EXTENSÃO UNIVERSITÁRIA
201900354,IC1900354,09213849000118,ELFORT IMPORTACAO E DISTRIBUICAO DE PRODUTOS EIRELI
201900355,IC1900355,18207297000126,G.S. CONSTRUCOES EIRELI
201900358,IC1900358,82895327000133,FUNDACAO DE ENSINO E ENGENHARIA DE SANTA CATARINA.
201900359,IC1900359,83566299000173,FUNDACAO DE ESTUDOS E PESQUISAS -SOCIO ECONOMICAS
201900361,IC1900361,09134633000167,LHL MANUTENCAO E INSTALACAO DE AR CONDICIONAD
201900362,IC1900362,82870478000137,PADOIN - ENGENHARIA E PROJETOS ELETRICOS EIRE
201900363,IC1900363,83476911000117,FUNDACAO DE AMPARO A PESQUISA E EXTENSAO UNIV
201900367,IC1900367,02857371000110,STATSOFT SOUTH AMERICA COMERCIO DE SOFTWARE LTDA
202000001,IC2000001,82664327000122,SOCIEDADE DESPORTIVA VASTO VERDE
202000002,IC2000002,83476911000117,FUNDAÇÃO DE AMPARO A PESQUISA E EXTENSÃO UNIVERSITÁRIA
202000003,IC2000003,17688208000148,ASSCON-PP ASSESSORIA E CONSULTORIA PUBLICA PRIVADA LTDA
202000008,IC2000008,83476911000117,FUNDACAO DE AMPARO A PESQUISA E EXTENSAO UNIV
202000011,IC2000011,10284045000199,NF COMERCIO E SERVICOS EIRELI
202000012,IC2000012,10284045000199,NF COMERCIO E SERVICOS EIRELI
202000013,IC2000013,06932604000152.,EVA CONSTRUCOES LTDA
202000018,IC2000018,82895327000133,FUNDAÇÃO DE ENSINO E ENGENHARIA DE SANTA CATARINA
202000026,IC2000026,82895327000133,FUNDACAO DE ENSINO E ENGENHARIA DE SANTA CATARINA.
202000027,IC2000027,83476911000117,FUNDAÇÃO DE AMPARO A PESQUISA E EXTENSÃO UNIVERSITÁRIA
202000028,IC2000028,82895327000133,FUNDACAO DE ENSINO E ENGENHARIA DE SANTA CATARINA.
202000030,806030,UG 806030,SERVICO FEDERAL DE PROCESSAMENTO -DE DADOS (SERPRO)
202000036,IC2000036,85388320000113,JM COMERCIO E PRESTACAO DE SERVICO LTDA
202000037,IC2000037,00478911000129,DIGIPLUS TECNOLOGIA EIREL
202000039,IC2000039,83476911000117,FUNDAÇÃO DE AMPARO A PESQUISA E EXTENSÃO UNIVERSITÁRIA
202000040,IC2000040,82895327000133,FUNDACAO DE ENSINO E ENGENHARIA DE SANTA CATARINA.
202000042,IC2000042,83476911000117,FUNDAÇÃO DE AMPARO A PESQUISA E EXTENSÃO UNIVERSITÁRIA
202000043,IC2000043,01181242000272,COMPWIRE INFORMÁTICA LTDA
202000046,IC2000046,83476911000117,FUNDAÇÃO DE AMPARO A PESQUISA E EXTENSÃO UNIVERSITÁRIA
202000049,IC2000049,73315905000124,FEMAR CONSTRUCOES LTDA
202000055,IC2000055,82895327000133,FUNDACAO DE ENSINO E ENGENHARIA DE SANTA CATARINA.
202000058,IC2000058,83476911000117,FUNDAÇÃO DE AMPARO A PESQUISA E EXTENSÃO UNIVERSITÁRIA
202000063,IC2000063,83566299000173,FUNDACAO DE ESTUDOS E PESQUISAS SOCIO ECONOMICAS
202000065,IC2000065,83566299000173,FUNDAÇÃO DE ESTUDOS E PESQUISAS - SOCIO ECONOMICAS
202000066,IC2000066,83476911000117,FUNDAÇÃO DE AMPARO A PESQUISA E EXTENSÃO UNIVERSITÁRIA
202000072,IC2000072,83953331000173,ONDREPSB LIMPEZA E SERVIÇOS ESPECIAIS LTDA
202000073,IC2000073,83476911000117,FUNDAÇÃO DE AMPARO A PESQUISA E EXTENSÃO UNIVERSITÁRIA
202000075,IC2000075,83476911000117,FUNDAÇÃO DE AMPARO A PESQUISA E EXTENSÃO UNIVERSITÁRIA
202000076,IC2000072,03187899000125,ALFA TELECOM COM E SERV DE TECNOLOGIA EM REDE
202000080,IC2000080,83476911000117,FUNDAÇÃO DE AMPARO A PESQUISA E EXTENSÃO UNIVERSITÁRIA
202000081,IC2000081,21556019000199,TAVARES E SILVA CONSTRUCAO E REFORMAS LTDA
202000088,IC2000088,17015086000129,KOMPETENZ CLIMATIZAÇÃO LTDA ME
202000089,IC2000089,08289532700133,FUNDAÇÃO DE ENSINO E ENGENHARIA DE SANTA CATARINA
202000090,IC2000090,83476911000117,FUNDAÇÃO DE AMPARO A PESQUISA E EXTENSÃO UNIVERS.
202000091,IC2000091,83476911000117,FUNDAÇÃO DE AMPARO A PESQUISA E EXTENSÃO UNIVERSITÁRIA
202000112,IC2000112,15402398000160,MAXI EMPREENDIMENTOS IMOBILIARIOS LTDA
202000118,IC2000118,06932604000152,EVA CONSTRUCOES LTDA
202000120,IC2000120,83476911000117,FUNDAÇÃO DE AMPARO A PESQUISA E EXTENSÃO UNIVERSITÁRIA
202000123,IC2000123,10439655000114,PEDRO REGINALDO DE ALBERNAZ FARIA E FAGUNDES LTDA
202000128,IC2000128,82895327000133,FUNDAÇÃO DE ENSINO E ENGENHARIA DE SANTA CATARINA
202000129,IC2000129,13475113000195,PRIS SOFTWARE LTDA
202000130,IC2000130,01181242000272,COMPWIRE INFORMÁTICA LTDA
202000131,IC2000131,00127072000102,STANDARD AUDIOVISUAIS LTDA
202000132,IC2000132,83476911000117,FUNDAÇÃO DE AMPARO A PESQUISA E EXTENSÃO UNIVERSITÁRIA
202000134,IC2000134,21718933000199,MICHAEL EDUARDO PIETROCHINSKI
202000135,IC2000135,00478911000129,DIGIPLUS TECNOLOGIA EIRELI
202000136,IC2000136,06932604000152,EVA CONSTRUCOES LTDA
202000139,IC2000139,83476911000117,FUNDAÇÃO DE AMPARO A PESQUISA E EXTENSÃO UNIVERSITÁRIA
202000140,IC2000140,08735676000135,CADONA E LUNARDI LTDA
202000142,IC2000142,83476911000117,FUNDAÇÃO DE AMPARO A PESQUISA E EXTENSÃO UNIVERSITÁRIA
202000143,IC2000143,83476911000117,FUNDAÇÃO DE AMPARO A PESQUISA E EXTENSÃO UNIVERSITÁRIA
202000156,IC2000156,10941506000159,SOLAR ENGENHARIA E PROJETOS EIRELI
202000157,IC2000157,00478911000129,DIGIPLUS TECNOLOGIA EIRELI
202000158,IC2000158,10439655000114,PEDRO REGINALDO DE ALBERNAZ FARIA E FAGUNDES LTDA
202000160,IC2000160,50668722001916,PROACTIVA MEIO AMBIENTE BRASIL LTDA
202000161,IC2000161,50668722001916,PROACTIVA MEIO AMBIENTE BRASIL LTDA
202000162,IC2000162,07067001000100,AMBSERV TRATAMENTO DE RESIDUOS LTDA
202000163,IC2000163,07067001000100,AMBSERV TRATAMENTO DE RESIDUOS LTDA
202000164,IC2000164,07067001000100,AMBSERV TRATAMENTO DE RESIDUOS LTDA
202000165,IC2000165,07067001000100,AMBSERV TRATAMENTO DE RESIDUOS LTDA
202000168,IC2000168,10205116000110,COMERCIO SILVEIRA ATACADISTA DE MOVEIS MOGI MIRIM - EIR
202000173,IC2000173,13732493000104,MKI CLIMATIZACAO LTDA
202000176,IC2000176,20170243000185,ALIANCA AR CONDICIONADO E ELETRICA EIRELI
202000180,IC2000180,60455193000105,OPENCADD ADVANCED TECHNOLOGY COM E SERVICOS LTDA
202000182,IC2000182,09285968000186,A4 DIGITAL PRINT LTDA
202000183,IC2000183,16882605000193,F2 ADMINISTRACAO E CONSTRUCAO LTDA
202000185,IC2000185,83476911000117,FUNDACAO DE AMPARO A PESQUISA E EXTENSAO UNIVERSITARIA
202000186,IC2000186,82895327000133,FUNDAÇÃO DE ENSINO E ENGENHARIA DE SANTA CATARINA
202000191,IC2000191,72381189001001,DELL COMPUTADORES DO BRASIL LTDA
202000192,IC2000192,18782546000107,PROFOXNETWORKS SOLUCOES EIRELI
202000193,IC2000193,31837899000125,ALFA TELECOM COM E SERV DE TECNOLOGIA EM REDE
202000194,IC2000194,12510074000157,ATENA COMÉRCIO DE MOVEIS EIRELI
202000195,IC2000195,10284045000199,NF COMERCIO E SERVICOS EIRELI
202000196,IC2000196,85388320000113,JM COMERCIO E PRESTACAO DE SERVICO LTDA
202000198,IC2000198,83566299000173,FUNDAÇÃO DE ESTUDOS E PESQUISAS - SOCIO ECONOMICAS
202000200,IC2000200,82895327000133,FUNDAÇÃO DE ENSINO E ENGENHARIA DE SANTA CATARINA
202000203,IC2000203,13228073000187,AKON LTDA
202000205,IC2000205,06932604000152,EVA CONSTRUÇOES E INCORPORAÇÕES LTDA
202000206,IC2000206,01181242000272,COMPWIRE INFORMÁTICA LTDA
202000207,IC2000207,07953689000118,FAGUNDEZ DISTRIBUIÇÃO LTDA
202000208,IC2000208,21997155000114,VIXBOT SOLUÇÕES EM INFORMATICA LTDA
202000209,IC2000209,07796330000184,INTERSUL EQUIPAMENTOS E SERVICOS HOSPITALARES LTDA
202000214,IC2000214,01425676000513,ATHENAS AUTOMAÇÃO LTDA
202000215,IC2000215,83476911000117,FUNDACAO DE AMPARO A PESQUISA E EXTENSAO UNIVERSITARIA
202000217,IC2000217,82895327000133,FUNDACAO DE ENSINO E ENGENHARIA DE SANTA CATARINA
202000218,IC2000218,83476911000117,FUNDACAO DE AMPARO A PESQUISA E EXTENSAO UNIVERSITARIA
202000226,IC2000226,83566299000173,FUNDACAO DE ESTUDOS E PESQUISAS -SOCIO ECONOMICAS
202000227,IC2000227,82895327000133,FUNDACÃO DE ENSINO E ENGENHARIA DE SANTA CATARINA
202000228,IC2000228,72381189001001,DELL COMPUTADORES DO BRASIL LTDA
202000230,IC2000230,00478911000129,DIGIPLUS TECNOLOGIA EIRELI
202000231,IC2000231,83476911000117,FUNDACAO DE AMPARO A PESQUISA E EXTENSAO UNIVERSITARIA
202000232,IC2000232,82895327000133,FUNDACAO DE ENSINO E ENGENHARIA DE SANTA CATARINA
202000233,IC2000233,83566299000173,FUNDACAO DE ESTUDOS E PESQUISAS -SOCIO ECONOMICAS
202000234,IC2000234,83566299000173,FUNDACAO DE ESTUDOS E PESQUISAS -SOCIO ECONOMICAS
202000235,IC2000235,83566299000173,FUNDACAO DE ESTUDOS E PESQUISAS -SOCIO ECONOMICAS
202000237,IC2000237,73315905000124,FEMAR CONSTRUCOES LTDA
202000238,IC2000238,00478911000129,DIGIPLUS TECNOLOGIA EIRELI
202000239,IC2000239,81243735001977,POSITIVO TECNOLOGIA S.A.
202000240,IC2000240,72381189001001,DELL COMPUTADORES DO BRASIL LTDA
202000243,IC2000243,07953689000118,FAGUNDEZ DISTRIBUIÇÃO LTDA
202000244,IC2000244,82895327000133,FUNDACAO DE ENSINO E ENGENHARIA DE SANTA CATARINA
202000245,IC2000245,83476911000117,FUNDACAO DE AMPARO A PESQUISA E EXTENSAO UNIVERSITARIA
202000246,IC2000246,83566299000173,FUNDAÇÃO DE ESTUDOS E PESQUISAS SOCIOECONOMICAS
202000248,IC2000248,83476911000117,FUNDAÇÃO DE AMPARO A PESQUISA E EXTENSÃO UNIVERS.
202000249,IC2000249,83476911000117,FUNDAÇÃO DE AMPARO A PESQUISA E EXTENSÃO UNIVERS.
202000250,IC2000250,83476911000117,FUNDAÇÃO DE AMPARO A PESQUISA E EXTENSÃO UNIVERS.
202000251,IC2000251,83476911000117,FUNDACAO DE AMPARO A PESQUISA E EXTENSAO UNIVERSITARIA
202000256,IC2000256,03448319000172,OLX TECNOLOGIA COMERCIO E SERVIÇOS EIRELI
202000257,IC2000257,00004916352904,RODRIGO ANTONIO DE HARO
202000259,IC2000259,07067001000100,AMBSERV TRATAMENTO DE RESIDUOS LTDA
202000260,IC2000260,21997155000114,VIXBOT SOLUCOES EM INFORMATICA LTDA
202000261,IC2000261,10539098000103,ACESSO TELECOM LTDA
202000262,IC2000262,83566299000173,FUNDACAO DE ESTUDOS E PESQUISAS -SOCIO ECONOMICAS
202000263,IC2000263,83566299000173,FUNDAÇÃO DE ESTUDOS E PESQUISAS SOCIOECONOMICAS
202000265,IC2000265,82895327000133,FUNDACAO DE ENSINO E ENGENHARIA DE SANTA CATARINA
202000266,IC2000266,82895327000133,FUNDACAO DE ENSINO E ENGENHARIA DE SANTA CATARINA
202000267,IC2000267,83566299000173,FUNDACAO DE ESTUDOS E PESQUISAS -SOCIO ECONOMICAS
202000269,IC2000269,00158141000137,WATERS TECHNOLOGIES DO BRASIL LTDA
202000270,IC2000270,83476911000117,FUNDACAO DE AMPARO A PESQUISA E EXTENSAO UNIVERSITARIA
202000271,IC2000271,83566299000173,FUNDACAO DE ESTUDOS E PESQUISAS -SOCIO ECONOMICAS
202000272,IC2000272,04198254000117,MCR SISTEMAS E CONSULTORIA LTDA
202000273,IC2000273,06932604000152,EVA CONSTRUÇÕES LTDA
202000274,IC2000274,06932604000152,EVA CONSTRUÇÕES LTDA
202000275,IC2000275,82895327000133,FUNDACAO DE ENSINO E ENGENHARIA DE SANTA CATARINA
202000276,IC2000276,83476911000117,FUNDAÇÃO DE AMPARO A PESQUISA E EXTENSÃO UNIVERS.
202000277,IC2000277,82895327000133,FUNDACAO DE ENSINO E ENGENHARIA DE SANTA CATARINA
202000278,IC2000278,82895327000133,FUNDACAO DE ENSINO E ENGENHARIA DE SANTA CATARINA
202000280,IC2000280,72381189001001,DELL COMPUTADORES DO BRASIL LTDA
202000281,IC2000281,82895327000133,FUNDACAO DE ENSINO E ENGENHARIA DE SANTA CATARINA.
202000282,IC2000282,07893198000129,MANSUR MURAD ADVOGADOS
202000283,IC2000283,04602789000101,DATEN TECNOLOGIA LTDA
202000284,IC2000284,82895327000133,FUNDACAO DE ENSINO E ENGENHARIA DE SANTA CATARINA
202000285,IC2000285,22934157000171,FLASH SOLUCOES EM IMPORTACAO E EXPORTAC APRODUTOS E S
202000286,IC2000286,83476911000117,FUNDAÇÃO DE AMPARO A PESQUISA E EXTENSÃO UNIVERS.
202000287,IC20000287,07953689000118,FAGUNDEZ DISTRIBUICAO LTDA
202000288,IC2000288,83476911000117,FUNDAÇÃO DE AMPARO A PESQUISA E EXTENSÃO UNIVERS.
202000289,IC2000289,83566299000173,FUNDAÇÃO DE ESTUDOS E PESQUISAS SOCIOECONOMICAS
202000290,IC2000290,82895327000133,FUNDACAO DE ENSINO E ENGENHARIA DE SANTA CATARINA.
202000291,IC2000291,83566299000173,FUNDACAO DE ESTUDOS E PESQUISAS -SOCIO ECONOMICAS
202000292,IC2000272,82895327000133,FUNDAÇÃO DE ENSINO E ENGENHARIA DE SANTA CATARINA
202000294,IC2000294,02807490000168,POLIBOX SISTEMAS CONSTRUTIVOS LTDA
202000295,IC2000295,83476911000117,FUNDACAO DE AMPARO A PESQUISA E EXTENSAO UNIVERSITARIA
202000296,IC2000296,83476911000117,FUNDACAO DE AMPARO A PESQUISA E EXTENSAO UNIVERSITARIA
202000297,IC2000297,08966620000191,MS TRADUCOES LTDA
202100001,IC2100001,83476911000117,FUNDACAO DE AMPARO A PESQUISA E EXTENSAO UNIVERSITARIA
202100003,IC2100003,79283065000141,ORBENK ADMINISTRAÇÃO E SERVIÇOS LTDA
202100007,IC2100007,10439655000114,PEDRO REGINALDO DE ALBERNAZ FARIA E FAGUNDES LTDA
202100009,IC2100009,16417272000121,RS TURISMO E EVENTOS LTDA
202100010,IC2100009,83566299000173,FUNDACAO DE ESTUDOS E PESQUISAS -SOCIO ECONOMICAS
202100012,IC2100012,79283065000141,ORBENK ADMINISTRAÇÃO E SERVIÇOS LTDA
202100015,IC2100015,07067001000100,AMBSERV TRATAMENTO DE RESIDUOS LTDA
202100018,IC2100018,042222/2020-12,CONSTRUTORA VIEIRA LTDA
202100019,IC2100019,72381189001001,DELL COMPUTADORES DO BRASIL LTDA
202100025,IC0210025,10620279000160,SLS HOSPITALAR SERVICO EM EQUIPAMENTOS HOSPITALARES EIR
202100029,IC2100029,03181576000190,EMBRASP COMERCIO E SERVICOS DE SEGURANCA LTDA
202100032,IC2100032,83476911000117,FUNDAÇÃO DE AMPARO A PESQUISA E EXTENSÃO UNIVERS.
202100033,IC0210033,83476911000117,FUNDAÇÃO DE AMPARO A PESQUISA E EXTENSÃO UNIVERS.
202100035,IC2100035,05792339000191,LIMTEC SERVICOS ESPECIALIZADOS LTDA
202100036,IC0210036,83476911000117,FUNDAÇÃO DE AMPARO A PESQUISA E EXTENSÃO UNIVERS.
202100037,IC0210037,83476911000117,FUNDAÇÃO DE AMPARO A PESQUISA E EXTENSÃO UNIVERS.
202100040,IC0210040,07067001000100,AMBSERV TRATAMENTO DE RESIDUOS LTDA
202100042,IC0210042,26051611000152,LITORAL CONSTRUTORA E INCORPORADORA EIRELI
202100043,IC0210043,26051611000152,LITORAL CONSTRUTORA E INCORPORADORA EIRELI
202100047,IC0210047,83476911000117,FUNDAÇÃO DE AMPARO A PESQUISA E EXTENSÃO UNIVERS.
202100048,IC0210048,82895327000133,FUNDAÇÃO DE ENSINO E ENGENHARIA DE SANTA CATARINA
202100052,IC0210052,83476911000117,FUNDAÇÃO DE AMPARO A PESQUISA E EXTENSÃO UNIVERS.
202100058,IC0210058,06932604000152,EVA CONSTRUCOES LTDA
202100059,IC0210059,04602789000101,DATEN TECNOLOGIA LTDA
202100060,IC0210060,72381189001001,DELL COMPUTADORES DO BRASIL LTDA
202100064,IC0210064,83476911000117,FUNDAÇÃO DE AMPARO A PESQUISA E EXTENSÃO UNIVERS.
202100071,IC0210071,11383621000118,"SIE SERVICOS, CURSOS E COMERCIO DE PECAS INDUSTRIAIS LT."
202100072,IC0210072,04602789000101,DATEN TECNOLOGIA LTDA
202100075,IC0210075,06932604000152,EVA CONSTRUCOES LTDA
202100076,IC0210076,39649817000170,IGT SERVIÇOS LTDA
202100077,IC0210077,11383621000118,"SIE SERVICOS, CURSOS E COMERCIO DE INDUSTRIAIS LTDA"
202100078,IC0210078,82895327000133,FUNDAÇÃO DE ENSINO E ENGENHARIA DE SANTA CATARINA
202100080,IC0210080,82895327000133,FUNDAÇÃO DE ENSINO E ENGENHARIA DE SANTA CATARINA
202100081,IC0210081,83472860000155,FUNDAÇÃO JOSE ARTHUR BOITEUX
202100082,IC0210082,83476911000117,FUNDAÇÃO DE AMPARO A PESQUISA E EXTENSÃO UNIVERS.
202100084,IC0210084,65494742000166,WEGH ASSESSORIA E LOGISTICA INTERNACIONAL LTDA
202100085,IC0210085,72381189001001,DELL COMPUTADORES DO BRASIL LTDA
202100093,IC0210093,72381189001001,DELL COMPUTADORES DO BRASIL LTDA
202100096,IC0210096,79283065000141,ORBENK ADMINISTRACAO E SERVICOS LTDA
202100097,IC0210097,83476911000117,FUNDAÇÃO DE AMPARO A PESQUISA E EXTENSÃO UNIVERS.
202100098,IC0210098,79283065000141,ORBENK ADMINISTRACAO E SERVICOS LTDA
202100100,IC0210100,12422562000102,V3 SERVICES INFORMACAO E CONSULTORIA LTDA
202100101,IC0210101,11084999000110,JEOL BRASIL INSTRUMENTOS CIENTIFICOS LTDA
202100103,IC0210103,83566299000173,FUNDAÇÃO DE ESTUDOS E PESQUISAS SOCIOECONOMICAS
202100104,IC0210104,11383621000118,"SIE SERVICOS, CURSOS E COMERCIO DE PECAS NDUSTRIAIS LT"
202100105,IC0210105,08055277000123,SURICATE SERVICOS TERCEIRIZADOS LTDA
202100109,IC0210109,09172237000124,D & L SERVICOS DE APOIO ADMINISTRATIVO LTDA
202100110,IC0210110,24504598000114,STOP FIRE PROJETOS E SOLUÇÕES CONTRA INCENDIO EIRELI
202100112,IC2100112,83566299000173,FUNDAÇÃO DE ESTUDOS E PESQUISAS SOCIOECONOMICAS
202100113,IC2100113,82895327000133,FUNDAÇÃO DE ENSINO E ENGENHARIA DE SANTA CATARINA
202100114,IC0210114,10284045000199,NF COMERCIO E SERVICOS EIRELI
202100117,IC0210117,83476911000117,FUNDAÇÃO DE AMPARO A PESQUISA E EXTENSÃO UNIVERS.
202100120,IC2100120,83566299000173,FUNDAÇÃO DE ESTUDOS E PESQUISAS SOCIOECONOMICAS
202100122,IC2100122,09249662000174,SETUP SERVICOS ESPECIALIZADOS LTDA.
202100124,IC0210124,72381189001001,DELL COMPUTADORES DO BRASIL LTDA
202100125,IC0210125,46027890000101,DATEN TECNOLOGIA LTDA
202100126,IC0120126,07953689000118,FAGUNDEZ DISTRIBUICAO LTDA
202100127,IC2100127,83566299000173,FUNDAÇÃO DE ESTUDOS E PESQUISAS SOCIOECONOMICAS
202100161,IC0210161,72381189001001,DELL COMPUTADORES DO BRASIL LTDA
202100163,IC0210163,82895327000133,FUNDAÇÃO DE ENSINO E ENGENHARIA DE SANTA CATARINA
202100164,IC2100164,24504598000114,STOP FIRE PROJETOS E SOLUÇÕES CONTRA INCENDIO EIRELI
202100165,IC2100165,33683111000107,SERVIÇO FEDERAL DE PROCESSAMENTO DE DADOS (SERPRO)
202100166,IC0210166,83476911000117,FUNDAÇÃO DE AMPARO A PESQUISA E EXTENSÃO UNIVERS.
202100167,IC2100167,24504598000114,STOP FIRE PROJETOS E SOLUÇÕES CONTRA INCENDIO EIRELI
202100168,IC2100168,72381189001001,DELL COMPUTADORES DO BRASIL LTDA
202100169,IC2100169,07953689000118,FAGUNDEZ DISTRIBUICAO LTDA
202100170,IC2100170,33750637000154,FC CONSTRUÇÕES LTDA
202100171,IC0210171,83476911000117,FUNDAÇÃO DE AMPARO A PESQUISA E EXTENSÃO UNIVERS.
202100172,IC2100172,83566299000173,FUNDAÇÃO DE ESTUDOS E PESQUISAS SOCIOECONOMICAS
202100174,IC2100174,72381189001001,DELL COMPUTADORES DO BRASIL LTDA
202100175,IC2100175,04602789000101,DATEN TECNOLOGIA LTDA
202100176,IC2100176,07953689000118,FAGUNDEZ DISTRIBUICAO LTDA
202100179,IC2100179,00158141000137,WATERS TECHNOLOGIES DO BRASIL LTDA
202100180,IC0210180,82895327000133,FUNDAÇÃO DE ENSINO E ENGENHARIA DE SANTA CATARINA
202100181,IC2100181,04755378000156,BRUKER DO BRASIL COMERCIO E REPRESENTAÇÃO DE PRODUTOS C
202100182,IC0210182,83476911000117,FUNDAÇÃO DE AMPARO A PESQUISA E EXTENSÃO UNIVERS.
202100184,IC0210184,83476911000117,FUNDAÇÃO DE AMPARO A PESQUISA E EXTENSÃO UNIVERS.
202100186,IC0210186,82895327000133,FUNDAÇÃO DE ENSINO E ENGENHARIA DE SANTA CATARINA
202100187,IC0210187,83476911000117,FUNDAÇÃO DE AMPARO A PESQUISA E EXTENSÃO UNIVERS.
202100188,IC0210188,82895327000133,FUNDAÇÃO DE ENSINO E ENGENHARIA DE SANTA CATARINA
202100190,IC0210190,83476911000117,FUNDAÇÃO DE AMPARO A PESQUISA E EXTENSÃO UNIVERS.
202100191,IC0210191,83476911000117,FUNDAÇÃO DE AMPARO A PESQUISA E EXTENSÃO UNIVERS.
202100192,IC0210192,82895327000133,FUNDAÇÃO DE ENSINO E ENGENHARIA DE SANTA CATARINA
202100193,IC0210193,83476911000117,FUNDAÇÃO DE AMPARO A PESQUISA E EXTENSÃO UNIVERS.
202100194,IC0210194,82895327000133,FUNDAÇÃO DE ENSINO E ENGENHARIA DE SANTA CATARINA
202100195,IC0210195,82895327000133,FUNDAÇÃO DE ENSINO E ENGENHARIA DE SANTA CATARINA
202100196,IC0210196,82895327000133,FUNDAÇÃO DE ENSINO E ENGENHARIA DE SANTA CATARINA
202100197,IC0210197,83476911000117,FUNDAÇÃO DE AMPARO A PESQUISA E EXTENSÃO UNIVERS.
202100198,IC0210198,82895327000133,FUNDAÇÃO DE ENSINO E ENGENHARIA DE SANTA CATARINA
202100199,IC0210199,22797545000103,LENOVO COMERCIAL E DISTRIBUICAO LIMITADA
202100200,IC0210200,82895327000133,FUNDAÇÃO DE ENSINO E ENGENHARIA DE SANTA CATARINA
202100201,IC0210201,82895327000133,FUNDAÇÃO DE ENSINO E ENGENHARIA DE SANTA CATARINA
202100202,IC0210202,04602789000101,DATEN TECNOLOGIA LTDA
202100203,IC0210203,72381189001001,DELL COMPUTADORES DO BRASIL LTDA
202100204,IC0210204,83476911000117,FUNDAÇÃO DE AMPARO A PESQUISA E EXTENSÃO UNIVERS.
202100205,IC0210205,83476911000117,FUNDAÇÃO DE AMPARO A PESQUISA E EXTENSÃO UNIVERS.
202100206,IC0210206,82895327000183,FUNDAÇÃO DE ENSINO E ENGENHARIA DE SANTA CATARINA
202100207,IC0210207,82895327000133,FUNDAÇÃO DE ENSINO E ENGENHARIA DE SANTA CATARINA
202100208,IC0210208,26051611000152,LITORAL CONSTRUTORA E INCORPORADORA EIRELI
202100209,IC0210209,10284045000199,NF COMERCIO E SERVICOS EIRELI
202100210,IC0210210,82895327000133,FUNDAÇÃO DE ENSINO E ENGENHARIA DE SANTA CATARINA
202100211,IC0210211,83476911000117,FUNDAÇÃO DE AMPARO A PESQUISA E EXTENSÃO UNIVERS.
202100213,IC0210213,83566299000173,FUNDAÇÃO DE ESTUDOS E PESQUISAS SOCIOECONOMICAS
202100214,IC0210214,83566299000173,FUNDAÇÃO DE ESTUDOS E PESQUISAS SOCIOECONOMICAS
202100215,IC0210215,83476911000117,FUNDAÇÃO DE AMPARO A PESQUISA E EXTENSÃO UNIVERS.
202100216,IC0210216,83476911000117,FUNDAÇÃO DE AMPARO A PESQUISA E EXTENSÃO UNIVERS.
202100219,IC0210219,19742327000167,ZANELI SERVIÇOS ELETRICOS LTDA
202100220,IC0210220,10381236000179,PLANALTO ENGENHARIA LTDA
202100223,IC0210223,00052125246953,IDESIO LEAL LOURENCO
202100225,IC0210225,83476911000117,FUNDAÇÃO DE AMPARO A PESQUISA E EXTENSÃO UNIVERS.
202100226,IC0210226,82895327000133,FUNDAÇÃO DE ENSINO E ENGENHARIA DE SANTA CATARINA
202100227,IC0210227,34028316002823,EMPRESA BRASILEIRA DE CORREIOS E TELEGRAFOS
202100228,IC0210228,34028316002823,EMPRESA BRASILEIRA DE CORREIOS E TELEGRAFOS
202100229,IC0210229,82895327000133,FUNDAÇÃO DE ENSINO E ENGENHARIA DE SANTA CATARINA
202100230,IC0210230,82895327000133,FUNDAÇÃO DE ENSINO E ENGENHARIA DE SANTA CATARINA
202100232,IC0210232,83476911000117,FUNDAÇÃO DE AMPARO A PESQUISA E EXTENSÃO UNIVERS.
202100233,IC0210233,83472860000155,FUNDAÇÃO JOSE ARTHUR BOITEUX
202100234,IC0210234,83476911000117,FUNDAÇÃO DE AMPARO A PESQUISA E EXTENSÃO UNIVERS.
202100235,IC0210235,83476911000117,FUNDAÇÃO DE AMPARO A PESQUISA E EXTENSÃO UNIVERS.
202200008,IC0220008,07834228000126,REFEIVEL COMERCIO DE REFEICOES LTDA
202200009,IC0220009,15340396000193,RESTAURANTE E LANCHONETE MAOS PERUANAS LTDA
202200011,IC0220011,83953331000173,ONDREPSB LIMPEZA E SERVICOS ESPECIAIS LTDA
202200014,IC0220014,02531343000108,ADSERVI - ADMINISTRADORA DE SERVICOS LTDA
202200015,IC0220015,82868704000145,KF SERVIÇOS LTDA
202200016,IC0220016,15340396000193,RESTAURANTE E LANCHONETE MAOS PERUANAS LTDA
202200017,IC0220017,83953331000173,ONDREPSB LIMPEZA E SERVICOS ESPECIAIS LTDA.
202200018,IC0220018,10284045000199,NF COMERCIO E SERVICOS EIRELI
202200021,IC0220021,79283065000141,ORBENK ADMINISTRAÇÃO E SERVIÇOS LTDA
202200022,IC0220022,83476911000117,FUNDAÇÃO DE AMPARO A PESQUISA E EXTENSÃO UNIVERS.
202200025,IC0220025,83476911000117,FUNDAÇÃO DE AMPARO A PESQUISA E EXTENSÃO UNIVERS.
202200028,IC0220028,10439655000114,PEDRO REGINALDO DE ALBERNAZ FARIA E FAGUNDES LTDA
202200029,IC0220029,83953331000173,ONDREPSB LIMPEZA E SERVICOS ESPECIAIS LTDA
202200031,IC0220031,83476911000117,FUNDAÇÃO DE AMPARO A PESQUISA E EXTENSÃO UNIVERS.
202200033,IC0220033,82895327000133,FUNDAÇÃO DE ENSINO E ENGENHARIA DE SANTA CATARINA
202200034,IC0220034,20810747000112,E W T BRASIL ELEVADORES LTDA
202200036,IC0220036,01567432000141,SEGVILLE SERVIÇOS ESPECIALIZADOS EIRELI
202200038,IC0220038,04298489000180,ROMARCK GERADORES - COMERCIO E SERVIÇOS LTDA
202200039,IC0220039,83476911000117,FUNDAÇÃO DE AMPARO A PESQUISA E EXTENSÃO UNIVERS.
202200048,IC0220048,07177064000101,FORT REFEIÇÕES E EVENTOS LTDA
202200050,IC0220050,22797545000103,LENOVO COMERCIAL E DISTRUICAO LIMITADA
202200052,IC2200052,82895327000133,FUNDAÇÃO DE ENSINO E ENGENHARIA DE SANTA CATARINA
202200055,IC0220055,03938048000133,BROOKS AMBIENTAL EIRELI
202200057,IC0220057,82949652000131,ONDREPSB SERVIÇO DE GUARDA E VIGILÂNCIA LTDA.
202200058,IC0220058,04629488000171,KHRONOS SEGURANÇA PRIVADA LTDA
202200059,IC0220059,14546164000123,LUPA SEGURANCA LTDA
202200060,IC0220060,77998912000129,MASTER VIGILANCIA ESPECIALIZADA LTDA
202200061,IC0220061,82895327000133,FUNDAÇÃO DE ENSINO E ENGENHARIA DE SANTA CATARINA
202200065,IC0220065,29652879000138,"CONCRETE HOUSE CONSTRUCOES, COMERCIO E SERVICOS EIRELI"
202200068,IC0220068,83476911000117,FUNDAÇÃO DE AMPARO A PESQUISA E EXTENSÃO UNIVERSITARIA
202200069,IC0220069,14798740000120,ACESSOLINE TELECOMUNICAÇÕES LTDA
202200072,IC0220072,77998912000803,MASTER VIGILANCIA ESPECIALIZADA SS LTDA
202200074,IC0220074,82895327000133,FUNDAÇÃO DE ENSINO E ENGENHARIA DE SANTA CATARINA
202200077,IC0220077,79894168000148,VIGILANCIA TRIANGULO LTDA
202200078,IC0220078,24504598000114,STOP FIRE PROJETOS E SOLUÇÕES CONTRA INCENDIO EIRELI
202200079,IC0220079,82895327000133,FUNDAÇÃO DE ENSINO E ENGENHARIA DE SANTA CATARINA
202200080,IC0220080,82895327000133,FUNDAÇÃO DE ENSINO E ENGENHARIA DE SANTA CATARINA
202200081,IC0220081,10364152000127,LINCE - SEGURANCA PATRIMONIAL LTDA
202200082,IC0220082,72375447000156,COMERCIAL THOMEK LTDA
202200083,IC0220083,82949652000131,ONDREPSB SERVIÇO DE GUARDA E VIGILÂNCIA LTDA.
202200084,IC0220084,21207079000104,AGENTE PRAG SOLUÇÕES AMBIENTAIS LTDA
202200085,IC0220085,83476911000117,FUNDAÇÃO DE AMPARO A PESQUISA E EXTENSÃO UNIVERSITARIA
202200086,IC0220086,09757279000134,MEDIACUSTICA SOL EM EQUIP. AUDIOL. LTDA.
202200087,IC0220087,10364152000127,LINCE - SEGURANCA PATRIMONIAL LTDA
202200088,IC0220088,25229768000162,ECOSAN SERVIÇOS LTDA
202200089,IC0220089,04298489000180,ROMARCK GERADORES - COMERCIO E SERVIÇOS LTDA
202200090,IC0220090,04629488000171,KHRONOS SEGURANÇA PRIVADA LTDA
202200091,IC0220091,24504598000114,STOP FIRE PROJETOS E SOLUÇÕES CONTRA INCENDIO EIRELI
202200092,IC0220092,83476911000117,FUNDAÇÃO DE AMPARO A PESQUISA E EXTENSÃO UNIVERSITARIA
202200093,IC0220093,30941974000130,LC SERVIÇOS DE ALVENARIA LTDA
202200094,IC0220094,29652879000138,"CONCRETE HOUSE CONSTRUCOES, COMERCIO E SERVICOS EIRELI"
202200097,IC0220097,82895327000133,FUNDAÇÃO DE ENSINO E ENGENHARIA DE SANTA CATARINA
202200101,IC0220101,04298489000180,ROMARCK GERADORES - COMERCIO E SERVIÇOS LTDA
202200102,IC0220102,21207079000104,AGENTE PRAG SOLUÇÕES AMBIENTAIS LTDA
202200103,IC0220103,82895327000133,FUNDAÇÃO DE ENSINO E ENGENHARIA DE SANTA CATARINA
202200104,IC0220104,83566299000173,FUNDAÇÃO DE ESTUDOS E PESQUISAS SOCIOECONOMICAS
202200105,IC0220105,83476911000117,FUNDAÇÃO DE AMPARO A PESQUISA E EXTENSÃO UNIVERSITARIA
202200107,IC0220107,21207079000104,AGENTE PRAG SOLUÇÕES AMBIENTAIS LTDA
202200112,IC0220112,79894168000148,VIGILANCIA TRIANGULO LTDA
202200113,IC0220113,18083458000117,ARCOM COMERCIO E SERVICOS EIRELI
202200114,IC0220114,83476911000117,FUNDAÇÃO DE AMPARO A PESQUISA E EXTENSÃO UNIVERSITARIA
202200115,IC0220115,82895327000133,FUNDAÇÃO DE ENSINO E ENGENHARIA DE SANTA CATARINA
202200116,IC0220116,83476911000117,FUNDAÇÃO DE AMPARO A PESQUISA E EXTENSÃO UNIVERSITARIA
202200118,IC0220118,82895327000133,FUNDAÇÃO DE ENSINO E ENGENHARIA DE SANTA CATARINA
202200119,IC0220119,82895327000133,FUNDAÇÃO DE ENSINO E ENGENHARIA DE SANTA CATARINA
202200120,IC0220120,87883807000106,MBM SEGURADORA AS
202200121,IC0220121,31525825000153,DACAN CONSTRUÇÕES CIVIS LTDA.
202200122,IC0220122,29652879000138,"CONCRETE HOUSE CONSTRUCOES, COMERCIO E SERVICOS EIRELI"
202200123,IC0220123,79283065000141,ORBENK – ADMINISTRAÇÃO E SERVIÇOS LTDA.
202200124,IC0220124,33381057000137,PRONOVA CONSTRUTORA LTDA
202200130,IC0220130,00482840000138,LIDERANÇA LIMPEZA E CONSERVAÇÃO LTDA
202200133,IC0220133,24504598000114,STOP FIRE PROJETOS E SOLUÇÕES CONTRA INCENDIO EIRELI
202200134,IC0220134,17324394000136,STARK ENERGIA EIRELI
202200135,IC0220135,06932604000152,EVA CONSTRUÇÕES LTDA. - EPP
202200138,IC0220138,22932456000122,PROTEC COMÉRCIO E AUTOMAÇÃO INDUSTRIAL LTDA.
202200139,IC0220139,07748837000162,METROHM BRASIL INSTRUMENTACAO ANALITICA EIRELI
202200140,IC0220140,07502330000124,ENGENHARIA DE EVENTOS EIRELI
202200141,IC0220141,00115730000138,MARESIA TURISMO NAUTICO LTDA
202200143,IC0220143,04602789000101,DATEN Tecnologia LTDA
202200145,IC0220145,83566299000173,FUNDAÇÃO DE ESTUDOS E PESQUISAS SOCIOECONÔMICOS
202200146,IC0220146,09172237000124,D&L SERV APOIO ADM LTDA.
202200154,IC0220154,83953331000173,ONDREPSB – LIMPEZA E SERVIÇOS ESPECIAIS LTDA.
202200155,IC0220155,83953331000173,ONDREPSB – LIMPEZA E SERVIÇOS ESPECIAIS LTDA.
202200162,IC0220162,30941974000130,LC SERVIÇOS DE ALVENARIA LTDA.
202200163,IC0022163,01181242000272,COMPWIRE INFORMÁTICA LTDA.
202200164,IC0220164,40288242000147,ANJOS LOCAÇÃO DE VEÍCULOS EIRELI
202200165,IC0220165,04602789000101,DATEN TECNOLOGIA LTDA.
202200166,IC0220166,22797545000103,LENOVO COMERCIAL E DISTRIBUIÇÃO LTDA.
202200172,IC0220172,82895327000133,FUNDAÇÃO DE ENSINO E ENGENHARIA DE SANTA CATARINA
202200177,IC0220177,00482840000138,LIDERANÇA LIMPEZA E CONSERVAÇÃO LTDA
202200178,IC0220178,02531343000108,ADSERVI ADMINISTRADORA DE SERVIÇOS LTDA
202200183,IC0220183,82895327000133,FUNDAÇÃO DE ENSINO E ENGENHARIA DE SANTA CATARINA
202200184,IC0220184,00482840000138,LIDERANÇA LIMPEZA E CONSERVAÇÃO LTDA
202200185,IC0220185,02531343000108,ADSERVI ADMINISTRADORA DE SERVIÇOS LTDA
202200187,IC0220187,82583220000150,REUTER GRÁFICOS EDITORES S.A
202200188,IC0220188,83476911000117,FUNDAÇÃO DE AMPARO A PESQUISA E EXTENSÃO UNIVERSITARIA
202200189,IC0220189,06932604000152,EVA CONSTRUÇÕES LTDA-EPP
202200190,IC0220190,83476911000117,Fundação de Amparo a Pesquisa e Extensão Universitária
202200194,IC0220194,87878476000108,FUND. UNIV. EMPRESA DE TECNOLOGIA E CIENCIA - FUNDATEC
202200195,IC0220195,87878476000108,FUND. UNIV. EMPRESA DE TECNOLOGIA E CIENCIA - FUNDATEC
202200196,IC0220196,85388320000113,JM COMERCIO E PRESTACAO DE SERVICO LTDA
202200197,IC0220197,06932604000152,EVA CONSTRUÇÕES LTDA-EPP
202200198,IC0220198,07329936000100,PRESTADORA DE SERVIÇOS SALUTI EIRELI
202200199,IC0220199,29652879000138,"CONCRETE HOUSE CONSTRUCOES, COMERCIO E SERVICOS EIRELI"
202200200,IC0220200,81243735000903,POSITIVO TECNOLOGIA S.A.
202200201,IC0220201,81243735001977,POSITIVO TECNOLOGIA S.A.
202200202,IC0220202,13417437000177,PRGEO COM DE EQUIP DE GEOMENSURA LTDA
202200208,IC0220208,11084999000110,JEOL BRASIL INSTRUMENTOS CIENTIFICOS LTDA
202200209,IC0220209,82895327000133,FUNDAÇÃO DE ENSINO E ENGENHARIA DE SANTA CATARINA
202200210,IC2200210,82895327000133,FUNDAÇÃO DE ENSINO E ENGENHARIA DE SANTA CATARINA
202200211,IC0220211,83566299000173,FUNDAÇÃO DE ESTUDOS E PESQUISAS SOCIOECONÔMICOS
202200213,IC0220213,83476911000117,FUNDAÇÃO DE AMPARO À PESQUISA E EXTENSÃO UNIVERSITÁRIA
202200215,IC0220215,17688208000148,ASSCON-PP ASSESSORIA E CONSULTORIA PUBLICA PRIVADA LTDA
202200217,IC0220217,82895327000133,FUNDAÇÃO DE ENSINO E ENGENHARIA DE SANTA CATARINA
202200218,IC0220218,76659820000151,Associação Paranaense de Cultura
202200219,IC0022219,83476911000117,FUNDAÇÃO DE AMPARO A PESQUISA E EXTENSÃO UNIVERSITÁRIA
202200220,IC0220220,83566299000173,FUNDAÇÃO DE ESTUDOS E PESQUISAS SOCIOECONÔMICOS
202200221,IC0220221,05775079000146,Techgráfica Comércio e Serviços de Manutenção LTDA ME
202200224,IC0220224,83476911000117,FUNDAÇÃO DE AMPARO À PESQUISA E EXTENSÃO UNIVERSITÁRIA
202200225,IC0220225,82895327000133,FUNDAÇÃO DE ENSINO E ENGENHARIA DE SANTA CATARINA
202200231,IC0220231,83566299000173,Fundação de Estudos e Pesquisas Socioeconômicos - FEPESE
202200232,IC0220232,14950390000175,Zala Engenharia Ltda
202200233,IC0220233,83472860000155,Fundação José Arthur Boiteux - FUNJAB
202200234,IC0220234,82895327000133,FUNDAÇÃO DE ENSINO E ENGENHARIA DE SANTA CATARINA
202200238,IC0220238,83476911000117,FUNDAÇÃO DE AMPARO À PESQUISA E EXTENSÃO UNIVERSITÁRIA
202300001,IC0230001,40708647000197,DBL Comercio de Produtos de Informática EIRELI
202300004,IC0230004,43251668000114,V.R.A FARIA COMERCIO E TECNOLOGIA
202300005,IC0230005,82949652000131,ONDREPSB - Serviço de Guarda e Vigilância LTDA
202300008,IC0230008,33402892000106,Associação Brasileira de Normas Técnicas (ABNT)
202300009,IC0230009,83476911000117,FUNDAÇÃO DE AMPARO À PESQUISA E EXTENSÃO UNIVERSITÁRIA
202300010,IC0230010,79283065000141,ORBENK ADMINISTRAÇÃO E SERVIÇOS LTDA
202300014,IC0230014,19858341000120,Força Engenharia e Projetos Ltda
202300016,IC0230016,82895327000133,FUNDAÇÃO DE ENSINO E ENGENHARIA DE SANTA CATARINA
202300017,IC0230017,23080111000150,A3 LOCAÇÃO DE MÃO DE OBRA E SERVIÇOS LTDA
202300018,IC0230018,35479406000183,SERVIIR SERVIÇOS DE TRADUÇÃO INTERPRETAÇÃO E TECNOLOGIA LTDA
202300019,IC0230019,21508406000150,Moreira Eventos LTDA
202300020,IC0230020,35479406000183,SERVIIR SERVIÇOS DE TRADUÇÃO INTERPRETAÇÃO E TECNOLOGIA LTDA
202300026,IC0230026,40288242000147,ANJOS SOLUÇÕES LTDA
202300027,IC0230027,00115730000138,MARESIA TURISMO NÁUTICO LTDA
202300028,IC0230028,83953331000173,ONDREPSB – LIMPEZA E SERVIÇOS ESPECIAIS LTDA
202300030,IC0230030,00482840000138,LIDERANÇA LIMPEZA E CONSERVAÇÃO LTDA
202300031,IC0230031,40288242000147,ANJOS SOLUÇÕES LTDA
202300032,IC0230032,81243735000903,POSITIVO TECNOLOGIA S/A
202300034,IC0230034,83566299000173,FUNDAÇÃO DE ESTUDOS E PESQUISAS SOCIOECONÔMICOS - FEPESE
202300036,IC0230036,81243735001977,Positivo Tecnologia S/A
202300037,IC0230037,05775079000146,Techgráfica Comércio e Serviços de Manutenção Ltda
202300038,IC0230038,33750637000154,"FC CONSTRUÇÕES LTDA,"
202300039,IC0230039,33456016000162,RAUL MUELLER SCHRAMM
202300040,IC0230040,02531343000108,ADSERVI - ADMINISTRADORA DE SERVICOS LTDA
202300041,IC0230041,28584157000392,METDATA TECNOLOGIA DA INFORMAÇÃO EIRELI
202300044,IC0230044,14798740000120,ACESSOLINE TELECOMUNICAÇÕES LTDA
202300046,IC0230046,34061163000104,JULIANA DA SILVA REICHERT EIRELI
202300053,IC0230053,09005622000187,Belman Transformadores e Equipamentos Elétricos LTDA
202300054,IC0230054,79283065000141,ORBENK ADMINISTRAÇÃO E SERVIÇOS LTDA
202300056,IC0230056,20599605000158,JVP NETWORK & SERVIÇOS LTDA
202300057,IC0230057,00482840000138,LIDERANÇA LIMPEZA E CONSERVAÇÃO LTDA
202300058,IC0230058,00482840000138,LIDERANÇA LIMPEZA E CONSERVAÇÃO LTDA
202300068,IC0230068,07329936000100,PRESTADORA DE SERVICOS SALUTI LTDA
202300069,IC0230069,06932604000152,EVA CONSTRUÇÕES LTDA. – EPP
202300070,IC0230070,02984305000100,PARANAVAÍ PRE MOLDADOS E SERVICOS LTDA
202300072,IC0230072,29652879000138,CONCRETE HOUSE CONSTRUÇÕES COMÉRCIO E SERVIÇOS EIRELI
202300073,IC0230073,07709085000120,LEONICE A. A. DE OLIVEIRA E CIA LTDA
202300074,IC0230074,18516766000199,G PARTNER TECNOLOGIA LTDA
202300076,IC0230076,21508406000150,MOREIRA EVENTOS LTDA. - EPP
202300078,IC0230078,21508406000150,MOREIRA EVENTOS LTDA. - EPP
202300079,IC0230079,79894168000148,VIGILÂNCIA TRIÂNGULO LTDA
202300080,IC0230080,07865818000116,INTERSOFT SOLUÇÕES EM INFORMÁTICA LTDA
202300081,IC0230081,59717553000617,MULTILASER INDUSTRIAL LTDA
202300082,IC0230082,00482840000138,LIDERANÇA LIMPEZA E CONSERVAÇÃO LTDA
202300084,IC0230084,81243735000903,POSITIVO TECNOLOGIA S. A
202300085,IC0230085,81243735001977,POSITIVO TECNOLOGIA S. A.
202300086,IC0230086,00482840000138,LIDERANÇA LIMPEZA E CONSERVAÇÃO LTDA
202300087,IC0230087,85388320000113,JM COMÉRCIO E PRESTAÇÃO DE SERVIÇOS LTDA
202300088,IC0230088,89237911028908,Global Distribuição de Bens de Consumo LTDA
202300089,IC0230089,82895327000133,FUNDAÇÃO DE ENSINO E ENGENHARIA DE SANTA CATARINA
202300090,IC0230090,05926726000173,MÓDULO ENGENHARIA CONSULTORIA E GERÊNCIA PREDIAL LTDA.
202300091,IC0230091,01567432000141,SEGVILLE SERVIÇOS ESPECIALIZADOS LTDA
202300093,IC0230093,83476911000117,FUNDAÇÃO DE AMPARO À PESQUISA E EXTENSÃO UNIVERSITÁRIA - FAPEU
202300097,IC0230097,86445293000136,FUNDAÇÃO INOVERSASUL
202300099,IC0230099,36924105000184,WS INFORTEC COMERCIO LTDA
202300100,IC0230100,03263975000109,SYSTECH SISTEMAS E TECNOLOGIA EM INFORMATICA LTDA
202300103,IC0230103,83476911000117,FUNDAÇÃO DE AMPARO À PESQUISA E EXTENSÃO UNIVERSITÁRIA - FAPEU
202300104,IC0230104,02531343000108,ADSERVI – ADMINISTRADORA DE SERVIÇOS LTDA
202300106,IC0230106,82949652000131,ONDREPSB SERVIÇO DE GUARDA E VIGILÂNCIA LTDA.
202300109,IC0230109,81243735001977,POSITIVO TECNOLOGIA S. A
202300117,IC0230117,01567432000141,SEGVILLE SERVIÇOS ESPECIALIZADOS LTDA
202300118,IC0230118,00482840000138,LIDERANÇA LIMPEZA E CONSERVAÇÃO LTDA
202300119,IC0230119,59717553000617,MULTILASER INDUSTRIAL LTDA
202300120,IC0230120,81243735000903,POSITIVO TECNOLOGIA S.A
202300122,IC0230122,08720381000195,Comércio e Instalações Elétricas São José Eireli
202300127,IC0230127,06932604000152,EVA Construções Ltda - EPP
202300128,IC0230128,24284710000159,SISTÊMICA SOLUCOES CORPORATIVAS LTDA
202300130,IC0230130,82895327000133,FUNDAÇÃO DE ENSINO E ENGENHARIA DE SANTA CATARINA
202300132,IC0230132,82895327000133,FUNDAÇÃO DE ENSINO E ENGENHARIA DE SANTA CATARINA
202300138,IC0230138,07819027000150,AMBIENTAL TECNOL CONSULTORIA LTDA
202300139,IC0230139,21331404000138,ORLEANS VIAGENS E TURISMO LTDA
202300145,IC0230145,82895327000133,FUNDAÇÃO DE ENSINO E ENGENHARIA DE SANTA CATARINA
202300146,IC0230146,83476911000117,Fundação de Amparo à Pesquisa e Extensão Universitária - FAPEU
202300147,IC0230147,82895327000133,FUNDAÇÃO DE ENSINO E ENGENHARIA DE SANTA CATARINA
202300149,IC0230149,83476911000117,FUNDAÇÃO DE AMPARO À PESQUISA UNIVERSITÁRIA
202300150,IC0230150,82895327000133,FUNDAÇÃO DE ENSINO E ENGENHARIA DE SANTA CATARINA
202300151,IC0230151,83476911000117,"FUNDAÇÃO DE AMPARO À PESQUISA E EXTENSÃO UNIVERSITÁRIA,"
202300153,IC0230153,83476911000117,FUNDAÇÃO DE AMPARO À PESQUISA E EXTENSÃO UNIVERSITÁRIA
202300155,IC0230155,,
202300156,IC0230156,,
202300157,IC0230157,,
202300158,IC0230158,,
202300159,IC0230159,82895327000133,FUNDAÇÃO DE ENSINO E ENGENHARIA DE SANTA CATARINA
202300160,IC0230160,82895327000133,FUNDAÇÃO DE ENSINO E ENGENHARIA DE SANTA CATARINA
202300161,IC0230161,,
202300162,IC0230162,,
202300164,IC0230164,83476911000117,FUNDAÇÃO DE AMPARO À PESQUISA E EXTENSÃO UNIVERSITÁRIA
202300166,IC0230166,,
202300168,IC0230168,82895327000133,FUNDAÇÃO DE ENSINO E ENGENHARIA DE SANTA CATARINA
202300169,IC0230169,,
202300170,IC0230170,,
202300171,IC0230171,59717553000617,MULTILASER INDUSTRIAL LTDA
202300173,IC02300173,83476911000117,FUNDAÇÃO DE AMPARO À PESQUISA E EXTENSÃO UNIVERISTÁRIA
202300175,IC0230175,83476911000117,FUNDAÇÃO DE AMPARO À PESQUISA E EXTENSÃO UNIVERSITÁRIA
202300182,IC0230182,83566299000173,FUNDAÇÃO DE ESTUDOS E PESQUISAS SOCIOECONÔMICOS (FEPESE)
202300183,IC0230183,83472860000155,Fundação José Arthur Boiteux – FUNJAB
202300185,IC0230185,83476911000117,Fundação de Amparo à Pesquisa e Extensão Universitária - FAPEU
202300186,IC0230186,83476911000117,FUNDAÇÃO DE AMPARO À PESQUISA E EXTENSÃO UNIVERSITÁRIA
202300187,IC0230187,83476911000117,FUNDAÇÃO DE AMPARO À PESQUISA E EXTENSÃO UNIVERSITÁRIA
202300188,IC0230188,82895327000133,FUNDAÇÃO DE ENSINO E ENGENHARIA DE SANTA CATARINA
202300191,IC0230191,83476911000117,FUNDAÇÃO DE AMPARO À PESQUISA E EXTENSÃO UNIVERSITÁRIA
202300192,IC0230192,83476911000117,FUNDAÇÃO DE AMPARO À PESQUISA E EXTENSÃO UNIVERSITÁRIA
202300200,IC0230200,03858331000155,Plural Indústria Gráfica Ltda
202300201,IC0230201,00482840000138,LIDERANÇA LIMPEZA E CONSERVAÇÃO LTDA
202300205,IC0230205,,
202300206,IC0230206,83476911000117,FUNDAÇÃO DE AMPARO À PESQUISA E EXTENSÃO UNIVERSITÁRIA
202300217,IC0230217,00158141000137,WATERS TECHNOLOGIES DO BRASIL LTDA
202300216,IC0230216,04755378000156,BRUKER DO BRASIL COMERCIO E REPRESENTACAO DE PRODUTOS CIENTIFICOS LTDA
202300218,IC0230218,83476911000117,FUNDAÇÃO DE AMPARO À PESQUISA E EXTENSÃO UNIVERSITÁRIA
202300219,IC0230219,83472860000155,FUNDACAO JOSE ARTHUR BOITEUX
202300225,IC0230225,11046495000106,FORTRESS SERVIÇOS LTDA
202300226,IC0230226,03984954000174,MN TECNOLOGIA E TREINAMENTO LTDA
202300227,IC0230227,83566299000173,FUNDAÇÃO DE ESTUDOS E PESQUISAS SOCIOECONOMICAS
202300228,IC0230228,83566299000173,FUNDAÇÃO DE ESTUDOS E PESQUISAS SOCIOECONOMICAS
202300233,IC0230233,79291878000183,ODONTO BLU COMÉRCIO E ASSISTÊNCIA TÉCNICA LTDA
202300235,IC0230235,83566299000173,FUNDAÇÃO DE ESTUDOS E PESQUISAS SOCIOECONOMICAS
202300236,IC0230236,82895327000133,FUNDAÇÃO DE ENSINO E ENGENHARIA DE SANTA CATARINA
202300237,IC0230237,83476911000117,FUNDAÇÃO DE AMPARO À PESQUISA E EXTENSÃO UNIVERSITÁRIA
202300238,IC0230238,83566299000173,FUNDAÇÃO DE ESTUDOS E PESQUISAS SOCIOECONOMICAS
202300239,IC0230239,83566299000173,FUNDAÇÃO DE ESTUDOS E PESQUISAS SOCIOECONOMICAS
202300241,IC0230241,83566299000173,FUNDAÇÃO DE ESTUDOS E PESQUISAS SOCIOECONOMICAS
202300242,IC0230242,83566299000173,FUNDAÇÃO DE ESTUDOS E PESQUISAS SOCIOECONOMICAS
202300243,IC0230243,83476911000117,FUNDAÇÃO DE AMPARO À PESQUISA E EXTENSÃO UNIVERSITÁRIA
202300244,IC0230244,83566299000173,FUNDAÇÃO DE ESTUDOS E PESQUISAS SOCIOECONOMICAS
202300245,IC0230245,83566299000173,FUNDAÇÃO DE ESTUDOS E PESQUISAS SOCIOECONOMICAS
202300249,IC0230249,83566299000173,FUNDAÇÃO DE ESTUDOS E PESQUISAS SOCIOECONOMICAS
202300250,IC0230250,83472860000155,FUNDACAO JOSE ARTHUR BOITEUX
202300251,IC0230251,83566299000173,FUNDAÇÃO DE ESTUDOS E PESQUISAS SOCIOECON
202300252,IC0230252,83476911000117,FUNDAÇÃO DE AMPARO À PESQUISA E EXTENSÃO UNIVERSITÁRIA
202300256,IC0230256,83476911000117,FUNDAÇÃO DE AMPARO À PESQUISA E EXTENSÃO UNIVERSITÁRIA
202300258,IC0230265,24284710000159,SISTEMICA SOLUÇÕES CORPORATIVAS LTDA
202300260,IC0230260,83566299000173,FUNDAÇÃO DE ESTUDOS E PESQUISAS SOCIOECONOMICAS
202300261,IC0230261,83476911000117,FUNDAÇÃO DE AMPARO À PESQUISA E EXTENSÃO UNIVERSITÁRIA
202300262,IC0230262,82895327000133,FUNDAÇÃO DE ENSINO E ENGENHARIA DE SANTA CATARINA
202300264,IC0230264,83566299000173,FUNDAÇÃO DE ESTUDOS E PESQUISAS SOCIOECONOMICAS
202300265,IC0230265,83476911000117,FUNDAÇÃO DE AMPARO À PESQUISA E EXTENSÃO UNIVERSITÁRIA
202300266,IC0230266,83566299000173,FUNDAÇÃO DE ESTUDOS E PESQUISAS SOCIOECONOMICAS
202300267,IC0230267,83476911000117,FUNDAÇÃO DE AMPARO À PESQUISA E EXTENSÃO UNIVERSITÁRIA
202300268,IC0230268,06932604000152,EVA CONSTRUÇÕES LTDA
202300270,IC0230270,06932604000152,EVA CONSTRUÇÕES LTDA
202300271,IC0230271,33750637000154,FC CONSTRUÇÕES LTDA
202300273,IC0230273,83566299000173,FUNDAÇÃO DE ESTUDOS E PESQUISAS SOCIOECONOMICAS
202300274,IC0230274,82895327000133,FUNDAÇÃO DE ENSINO E ENGENHARIA DE SANTA CATARINA
202400005,IC0240005,06932604000152,EVA CONSTRUÇÕES LTDA
202400006,IC0240006,09134633000167,LHL MANUTENÇÃO E INSTALAÇÃO DE AR CONDICIONADO LTDA
202400008,IC0240008,00482840000138,LIDERANÇA LIMPEZA E CONSERVAÇÃO LTDA
202400014,IC0240014,24830205000162,SMARTMAQ LTDA
202400018,IC0240018,78533312000158,PLANSUL PLANEJAMENTO E CONSULTORIA LTDA
202400019,IC0240019,83566299000173,FUNDAÇÃO DE ESTUDOS E PESQUISAS SOCIOECONOMICAS
202400020,IC0240020,06064175000149,AIRES TURISMO LTDA
202400024,IC0240024,83476911000117,FUNDAÇÃO DE AMPARO À PESQUISA E EXTENSÃO UNIVERSITÁRIA
202400025,IC0240025,79283065000141,ORBENK – Administração e Serviços LTDA
202300277,IC0230277,83476911000117,FUNDACAO DE AMPARO A PESQUISA E EXTENSAO UNIVERSITARIA
202300272,IC0230272,06038380000130,JV PARTICIPAÇÕES Ltda
202300269,IC0230269,83566300000000,FUNDAÇÃO DE ESTUDOS E PESQUISAS SOCIOECONOMICAS
202400021,IC0240021,40432544000147,CLARO S/A
202400026,IC0240026,24830205000162,SMARTMAQ LTDA. – ME
202400036,IC0240036,83566299000173,FUNDACAO DE ESTUDOS E PESQUISAS SOCIO ECONOMICA
202400052,IC0240052,82895327000133,FUNDACAO DE ENSINO E ENGENHARIA DE SANTA CATARINA
202400056,IC0240056,83476911000117,FUNDACAO DE AMPARO A PESQUISA E EXTENSAO UNIVERSITARIA
202300254,IC0230254,82949652000131,ONDREPSB SERVIÇO DE GUARDA E VIGILÂNCIA LTDA
202400059,IC0240059,82895327000133,"FUNDAÇÃO DE ENSINO E ENGENHARIA DE SANTA CATARINA – FEESC,"
202400015,IC0240015,83953331000173,ONDREPSB LIMPEZA E SERVICOS ESPECIAIS LTDA
202400069,IC0240069,83476911000117,FUNDAÇÃO DE AMPARO À PESQUISA E EXTENSÃO UNIVERSITÁRIA
202400047,IC0240047,09134633000167,LHL MANUTENÇÃO E INSTALAÇÃO DE AR CONDICIONADO LTDA
202400072,IC0240072,83476911000117,FUNDAÇÃO DE AMPARO À PESQUISA E EXTENSÃO UNIVERSITÁRIA
202400043,IC0240043,24830205000162,SMARTMAQ LTDA. - ME
202400053,IC0240053,83476911000117,FUNDAÇÃO DE AMPARO À PESQUISA E EXTENSÃO UNIVERSITÁRIA
202400040,IC0240040,13273877000106,SÃO BENTO ALIMENTOS E EVENTOS LTDA.
202400045,IC0240045,01628251000188,ALUCOM LTDA
202400041,IC0240041,03119783000115,TECORI TECNOLOGIA ECOLOGICA DE RECICLAGEM INDUSTRIAL LTDA.
202300207,IC0230207,07502330000124,ENGENHARIA DE EVENTOS EIRELI EPP
202400051,IC0240051,82513490000194,PROFISER – SERVIÇOS PROFISSIONAIS LTDA.
202400055,IC0240055,02984305000100,Paranavaí Pré-Moldados e Serviços Ltda
202300116,IC0230116,10620279000160,SLS HOSPITALAR SERVIÇO EM EQUIPAMENTOS HOSPITALARES LTDA
202400076,IC0240076,83566299000173,FUNDAÇÃO DE ESTUDOS E PESQUISAS SOCIOECONOMICAS - FEPESE
202400073,IC0240073,82895327000133,FUNDAÇÃO DE ENSINO E ENGENHARIA DE SANTA CATARINA – FEESC
202400075,IC0240075,83566299000173,FUNDAÇÃO DE ESTUDOS E PESQUISAS SOCIOECONOMICAS - FEPESE
202400090,IC0240090,83566299000173,FUNDAÇÃO DE ESTUDOS E PESQUISAS SOCIOECONOMICAS - FEPESE
202400074,IC0240074,83566299000173,FUNDAÇÃO DE ESTUDOS E PESQUISAS SOCIOECONOMICAS - FEPESE
202400098,IC0240098,82895327000133,FUNDAÇÃO DE ENSINO E ENGENHARIA DE SANTA CATARINA – FEESC
202400089,IC0240089,83476911000117,FUNDAÇÃO DE AMPARO À PESQUISA E EXTENSÃO UNIVERSITÁRIA
202400064,IC0240064,83476911000117,FUNDAÇÃO DE AMPARO À PESQUISA E EXTENSÃO UNIVERSITÁRIA
202400094,IC0240094,83476911000117,FUNDAÇÃO DE AMPARO À PESQUISA E EXTENSÃO UNIVERSITÁRIA
202400107,IC0240107,82895327000133,FUNDAÇÃO DE ENSINO E ENGENHARIA DE SANTA CATARINA – FEESC
202400099,IC0240099,09134633000167,LHL MANUTENÇÃO E INSTALAÇÃO DE AR CONDICIONADO LTDA.
202400111,IC0240111,04602789000101,DATEN TECNOLOGIA LTDA
202400113,IC0240113,83476911000117,FUNDAÇÃO DE AMPARO À PESQUISA E EXTENSÃO UNIVERSITÁRIA
202400118,IC0240118,83476911000117,FUNDAÇÃO DE AMPARO À PESQUISA E EXTENSÃO UNIVERSITÁRIA
202400116,IC0240116,81243735001977,POSITIVO TECNOLOGIA S.A
202400115,IC0240115,04602789000101,DATEN TECNOLOGIA LTDA.
202400121,IC0240121,81243735001977,POSITIVO TECNOLOGIA S.A
202400105,IC0240105,83476911000117,FUNDAÇÃO DE AMPARO À PESQUISA E EXTENSÃO UNIVERSITÁRIA
202400120,IC0240120,04602789000101,DATEN TECNOLOGIA LTDA.
202400125,IC0240125,83566299000173,FUNDAÇÃO DE ESTUDOS E PESQUISAS SOCIOECONOMICAS – FEPESE
202400119,IC0240119,83476911000117,FUNDAÇÃO DE AMPARO À PESQUISA E EXTENSÃO UNIVERSITÁRIA
202400138,IC0240138,83566299000173,FUNDAÇÃO DE ESTUDOS E PESQUISAS SOCIOECONOMICAS – FEPESE
202400126,IC0240126,03698620000568,GREEN4T SOLUCOES TI S.A.
202400128,IC0240128,81243735001977,POSITIVO TECNOLOGIA S.A
202400129,IC0240129,04602789000101,DATEN TECNOLOGIA LTDA.
202400135,IC0240135,09134633000167,LHL MANUTENÇÃO E INSTALAÇÃO DE AR-CONDICIONADO LTDA
202400142,IC0240142,81243735001977,POSITIVO TECNOLOGIA S.A
202400122,IC0240122,83566299000173,FUNDAÇÃO DE ESTUDOS E PESQUISAS SOCIOECONOMICAS – FEPESE
202400124,IC0240124,83566299000173,FUNDAÇÃO DE ESTUDOS E PESQUISAS SOCIOECONOMICAS – FEPESE
202400145,IC0240145,83476911000117,FUNDAÇÃO DE AMPARO À PESQUISA E EXTENSÃO UNIVERSITÁRIA
202400154,IC0240154,09144019000186,ATLANTIC MUDANCAS E SERVICOS LTDA
202400143,IC0240143,83476911000117,FUNDAÇÃO DE AMPARO À PESQUISA E EXTENSÃO UNIVERSITÁRIA
202400157,IC0240157,83476911000117,FUNDAÇÃO DE AMPARO À PESQUISA E EXTENSÃO UNIVERSITÁRIA
202400152,IC0240152,82895327000133,FUNDAÇÃO DE ENSINO E ENGENHARIA DE SANTA CATARINA – FEESC
202400151,IC0240151,82895327000133,FUNDAÇÃO DE ENSINO E ENGENHARIA DE SANTA CATARINA – FEESC
202400153,IC0240153,81243735001977,POSITIVO TECNOLOGIA S.A
202400170,IC0240170,44818547000174,XLAN LTDA
202400175,IC0240175,20498596000109,MV INSTALAÇÃO E MANUTENÇÃO DE AR CONDICIONADO LTDA
202400162,IC0240162,83476911000117,FUNDAÇÃO DE AMPARO À PESQUISA E EXTENSÃO UNIVERSITÁRIA
202400160,IC0240160,83476911000117,FUNDAÇÃO DE AMPARO À PESQUISA E EXTENSÃO UNIVERSITÁRIA
202400088,IC0240088,83476911000117,FUNDAÇÃO DE AMPARO À PESQUISA E EXTENSÃO UNIVERSITÁRIA
202400159,IC0240159,83476911000117,FUNDAÇÃO DE AMPARO À PESQUISA E EXTENSÃO UNIVERSITÁRIA
202400165,IC0240165,82895327000133,FUNDAÇÃO DE ENSINO E ENGENHARIA DE SANTA CATARINA – FEESC
202400158,IC0240158,82895327000133,FUNDAÇÃO DE ENSINO E ENGENHARIA DE SANTA CATARINA – FEESC
202400156,IC0240156,83566299000173,FUNDAÇÃO DE ESTUDOS E PESQUISAS SOCIOECONOMICAS – FEPESE
202400168,IC0240168,04198254000117,MCR SISTEMAS E CONSULTORIA LTDA
202400169,IC0240169,81243735001977,POSITIVO TECNOLOGIA S.A
202400167,IC0240167,82895327000133,FUNDAÇÃO DE ENSINO E ENGENHARIA DE SANTA CATARINA – FEESC
202400182,IC0240182,04602789000101,DATEN TECNOLOGIA LTDA.
202500002,IC0250002,17031812000105,MR COMÉRCIO E SERVIÇO LTDA
202400176,IC0240176,09168704000142,EMPRESA BRASIL DE COMUNICAÇÃO S/A – EBC
202400194,IC0240194,83779462000186,SERVICO AUTONOMO MUNICIPAL DE AGUA E ESGOTO – SAMAE
202400192,IC0240192,83566299000173,FUNDAÇÃO DE ESTUDOS E PESQUISAS SOCIOECONOMICAS – FEPESE
202400181,IC0240181,83476911000117,FUNDAÇÃO DE AMPARO À PESQUISA E EXTENSÃO UNIVERSITÁRIA
202400191,IC0240191,83476911000117,FUNDAÇÃO DE AMPARO À PESQUISA E EXTENSÃO UNIVERSITÁRIA
202400197,IC0240197,82508433000117,COMPANHIA CATARINENSE DE ÁGUAS E SANEAMENTO – CASAN
202400195,IC0240195,82568221000125,SERVICO AUTONOMO MUNICIPAL DE AGUA E ESGOTO – SAMAE
202400166,IC0240166,83566299000173,FUNDAÇÃO DE ESTUDOS E PESQUISAS SOCIOECONOMICAS – FEPESE
202500003,IC0250003,17101531000173,MICROCABLE SERVIÇOS E EQUIPAMENTOS LTDA
202400161,IC0240161,83566299000173,FUNDAÇÃO DE ESTUDOS E PESQUISAS SOCIOECONOMICAS – FEPESE
202400174,IC0240174,83476911000117,FUNDAÇÃO DE AMPARO À PESQUISA E EXTENSÃO UNIVERSITÁRIA
202400185,IC0240185,83566299000173,FUNDAÇÃO DE ESTUDOS E PESQUISAS SOCIOECONOMICAS – FEPESE
202400139,IC0240139,09134633000167,LHL MANUTENÇÃO E INSTALAÇÃO DE AR-CONDICIONADO LTDA
202500004,IC0250004,10943754000139,GFK ENGENHARIA LTDA
202400193,IC0240193,83476911000117,FUNDAÇÃO DE AMPARO À PESQUISA E EXTENSÃO UNIVERSITÁRIA
202400202,IC0240202,82895327000133,FUNDAÇÃO DE ENSINO E ENGENHARIA DE SANTA CATARINA – FEESC
202300275,IC0230275,83566299000173,FUNDAÇÃO DE ESTUDOS E PESQUISAS SOCIOECONOMICAS – FEPESE
202400177,IC0240177,31548384000105,VILE CONSTRUCOES E REFORMAS LTDA
202400184,IC0240184,83566299000173,FUNDACAO DE ESTUDOS E PESQUISAS SOCIO ECONOMICAS
202400164,IC0240164,83566299000173,FUNDACAO DE ESTUDOS E PESQUISAS SOCIO ECONOMICAS
202400188,IC0240188,83476911000117,FUNDAÇÃO DE AMPARO À PESQUISA E EXTENSÃO UNIVERSITÁRIA
202400187,IC0240187,83476911000117,FUNDAÇÃO DE AMPARO À PESQUISA E EXTENSÃO UNIVERSITÁRIA
202500030,IC0250030,10943754000139,GFK ENGENHARIA LTDA
202400201,IC0240201,83476911000117,FUNDAÇÃO DE AMPARO À PESQUISA E EXTENSÃO UNIVERSITÁRIA
202400183,IC0240183,83476911000117,FUNDAÇÃO DE AMPARO À PESQUISA E EXTENSÃO UNIVERSITÁRIA
202400163,IC0240163,83566299000173,FUNDAÇÃO DE ESTUDOS E PESQUISAS SOCIOECONOMICAS – FEPESE
202500036,IC0250036,51945797000130,FPOLIS SERV DE CUIDADOS DOMÉSTICOS DE CRIANÇAS E ADULTOS LTDA
202400186,IC0240186,83566299000173,FUNDAÇÃO DE ESTUDOS E PESQUISAS SOCIOECONOMICAS – FEPESE
202400198,IC0240198,33620529000167,EDER CARLOS SALAZAR SOTTO TECNOLOGIA DA INFORMACAO
202400173,IC0240173,82895327000133,FUNDAÇÃO DE ENSINO E ENGENHARIA DE SANTA CATARINA – FEESC
202400200,IC0240200,83566299000173,FUNDAÇÃO DE ESTUDOS E PESQUISAS SOCIOECONOMICAS – FEPESE
202500047,IC0250047,17101531000173,MICROCABLE SERVIÇOS E EQUIPAMENTOS LTDA
202500050,IC0250050,04198254000117,MCR SISTEMAS E CONSULTORIA LTDA
202500046,IC0250046,82895327000133,FUNDAÇÃO DE ENSINO E ENGENHARIA DE SANTA CATARINA – FEESC
202500060,IC0250060,83566299000173,FUNDACAO DE ESTUDOS E PESQUISAS SOCIO ECONOMICA
202500068,IC0250068,85391720000188,EXTINGUE FOGO COMERCIO DE EXTINTORES LTDA – ME
202500071,IC0250071,30704907000100,RAK PAISAGISMO LTDA
202500075,IC0250075,85391720000188,EXTINGUE FOGO COMERCIO DE EXTINTORES LTDA – ME
202500073,IC0250073,30704907000100,RAK PAISAGISMO LTDA
202400178,IC0240178,83476911000117,FUNDAÇÃO DE AMPARO À PESQUISA E EXTENSÃO UNIVERSITÁRIA
202500055,IC0250055,28468873000142,CONQUISTAR SERVICOS E CONSTRUCAO LTDA
202500078,IC0250078,06932604000152,EVA CONSTRUCOES LTDA
202500072,IC0250072,83476911000117,FUNDAÇÃO DE AMPARO À PESQUISA E EXTENSÃO UNIVERSITÁRIA
202500034,IC0250034,04198254000117,MCR SISTEMAS E CONSULTORIA LTDA
202500035,IC0250035,04198254000117,MCR SISTEMAS E CONSULTORIA LTDA
202500035,IC0250035,83476911000117,FUNDAÇÃO DE AMPARO À PESQUISA E EXTENSÃO UNIVERSITÁRIA
202500076,IC0250076,83476911000117,FUNDAÇÃO DE AMPARO À PESQUISA E EXTENSÃO UNIVERSITÁRIA
202500041,IC0250041,83476911000117,FUNDAÇÃO DE AMPARO À PESQUISA E EXTENSÃO UNIVERSITÁRIA
202500067,IC0250067,82895327000133,FUNDAÇÃO DE ENSINO E ENGENHARIA DE SANTA CATARINA – FEESC
202500062,IC0250062,83476911000117,FUNDAÇÃO DE AMPARO À PESQUISA E EXTENSÃO UNIVERSITÁRIA
202500058,IC0250058,23119516000155,MULTICONTAINER LTDA
202500054,IC0250054,83476911000117,FUNDAÇÃO DE AMPARO À PESQUISA E EXTENSÃO UNIVERSITÁRIA
202500084,IC0250084,17688208000148,ASSCON-PP ASSESSORIA E CONSULTORIA PUBLICA E PRIVADA LTDA
202500086,IC0250086,17688208000148,ASSCON-PP ASSESSORIA E CONSULTORIA PUBLICA E PRIVADA LTDA
202500081,IC0250081,83566299000173,FUNDACAO DE ESTUDOS E PESQUISAS SOCIO ECONOMICA
202500077,IC0250077,82895327000133,FUNDAÇÃO DE ENSINO E ENGENHARIA DE SANTA CATARINA – FEESC
202500085,IC0250085,83476911000117,FUNDAÇÃO DE AMPARO À PESQUISA E EXTENSÃO UNIVERSITÁRIA
202500096,IC0250096,17688208000148,ASSCON-PP ASSESSORIA E CONSULTORIA PUBLICA E PRIVADA LTDA
202500090,IC0250090,83566299000173,FUNDACAO DE ESTUDOS E PESQUISAS SOCIO ECONOMICA
202500101,IC0250101,23484444000145,3F LTDA
202500098,IC0250098,13615357000126,CENA2 PRODUCOES DIGITAIS LTDA
202500102,IC0250102,09249662000174,SETUP SERVICOS ESPECIALIZADOS LTDA
202500092,IC0250092,83476911000117,FUNDAÇÃO DE AMPARO À PESQUISA E EXTENSÃO UNIVERSITÁRIA
202500099,IC0250099,82895327000133,FUNDAÇÃO DE ENSINO E ENGENHARIA DE SANTA CATARINA – FEESC
202500108,IC0250108,25165749000110,NEO CONSULTORIA E ADMINISTRACAO DE BENEFICIOS LTDA
202500111,IC0250111,17101531000173,MICROCABLE SERVICOS E EQUIPAMENTOS LTDA
202500112,IC0250112,83566299000173,FUNDACAO DE ESTUDOS E PESQUISAS SOCIO ECONOMICA
202500115,IC0250115,10706379000103,CVM LIMPEZA E CONSERVACAO LTDA
202500123,IC0250123,54928868000185,EXAUSTRIAL PRESTACAO E INTERMEDIACAO DE SERVICOS LTDA
202500124,IC0250124,20720555000115,MJR TRANSPORTES E ASSISTENCIA TECNICA LTDA
202500125,IC0250125,10926369000183,TECSULL LTDA
202500119,IC0250119,82895327000133,FUNDAÇÃO DE ENSINO E ENGENHARIA DE SANTA CATARINA
202500133,IC0250133,26553526000192,TIRIVA PUBLICIDADE E PROPAGANDA LTDA
202500113,IC0250113,82895327000133,FUNDAÇÃO DE ENSINO E ENGENHARIA DE SANTA CATARINA
202500121,IC0250121,83566299000173,FUNDACAO DE ESTUDOS E PESQUISAS SOCIO ECONOMICA
202500122,IC0250122,83476911000117,FUNDAÇÃO DE AMPARO À PESQUISA E EXTENSÃO UNIVERSITÁRIA
202500128,IC0250128,82895327000133,FUNDAÇÃO DE ENSINO E ENGENHARIA DE SANTA CATARINA
202500138,IC0250138,82895327000133,FUNDAÇÃO DE ENSINO E ENGENHARIA DE SANTA CATARINA
202500134,IC0250134,83566299000173,FUNDACAO DE ESTUDOS E PESQUISAS SOCIO ECONOMICA
202500129,IC0250129,00127042000198,PROJETE - ENGENHARIA E CONSTRUCOES LTDA
202500139,IC0250139,36734094/000170,EDIVAN GUGE
202500109,IC0250109,83476911000117,FUNDAÇÃO DE AMPARO À PESQUISA E EXTENSÃO UNIVERSITÁRIA
202500141,IC0250141,36519422000115,IVG BRASIL LTDA
202500142,IC0250142,33683111000107,SERVIÇO FEDERAL DE PROCESSAMENTO DE DADOS – SERPRO
202500149,IC0250149,83476911000117,FUNDAÇÃO DE AMPARO À PESQUISA E EXTENSÃO UNIVERSITÁRIA
202500154,IC0250154,83476911000117,FUNDAÇÃO DE AMPARO À PESQUISA E EXTENSÃO UNIVERSITÁRIA
202500171,IC0250171,46494179000181,VERTICAL COMERCIO E SERVICOS PARA CONSTRUCAO LTDA
202500151,IC0250151,22086683000346,HP BRASIL INDUSTRIA E COMERCIO DE EQUIPAMENTOS ELETRONICOS LTDA
202500155,IC0250155,83476911000117,FUNDAÇÃO DE AMPARO À PESQUISA E EXTENSÃO UNIVERSITÁRIA
202500191,IC0250191,07238588000165,FACINHO TRANSPORTES LTDA
202500161,IC0250161,83566299000173,FUNDACAO DE ESTUDOS E PESQUISAS SOCIO ECONOMICA
202500179,IC0250179,77858611000108,UNIMED GRANDE FLORIANOPOLIS - COOPERATIVA DE TRABALHO MEDIC
202500168,IC0250168,82895327000133,FUNDAÇÃO DE ENSINO E ENGENHARIA DE SANTA CATARINA
202500106,IC0250106,83566299000173,FUNDAÇÃO DE ESTUDOS E PESQUISAS SOCIOECONOMICAS
202500172,IC0250172,83566299000173,FUNDAÇÃO DE ESTUDOS E PESQUISAS SOCIOECONOMICAS
202500196,IC0250196,46494179000181,VERTICAL COMERCIO E SERVICOS PARA CONSTR U C AO LTDA
202500182,IC0250182,63011694000182,PANELAO CALDEIRA- MANUTENCAO LOCACAO E V E N DA DE EQUIPAMENTOS INDUSTRIAIS LTDA
202500140,IC0250140,83476911000117,FUNDAÇÃO DE AMPARO À PESQUISA E EXTENSÃO UNIVERSITÁRIA
202500063,IC0250063,83566299000173,FUNDAÇÃO DE ESTUDOS E PESQUISAS SOCIOECONOMICAS
202500165,IC0250165,83476911000117,FUNDAÇÃO DE AMPARO À PESQUISA E EXTENSÃO UNIVERSITÁRIA
202500169,IC0250169,82895327000133,FUNDAÇÃO DE ENSINO E ENGENHARIA DE SANTA CATARINA
202500190,IC0250190,12477490000281,LÍDER NOTEBOOKS COMÉRCIO E SERVIÇOS LTDA.
202500187,IC0250187,83566299000173,FUNDAÇÃO DE ESTUDOS E PESQUISAS SOCIOECONOMICAS
202500183,IC0250183,82895327000133,FUNDAÇÃO DE ENSINO E ENGENHARIA DE SANTA CATARINA
202500205,IC0250205,82895327000133,FUNDAÇÃO DE ENSINO E ENGENHARIA DE SANTA CATARINA
202500167,IC0250167,82895327000133,FUNDAÇÃO DE ENSINO E ENGENHARIA DE SANTA CATARINA
202500197,IC0250197,09249662000174,SETUP SERVIÇOS ESPECIALIZADOS LTDA
202500174,IC0250174,82895327000133,FUNDAÇÃO DE ENSINO E ENGENHARIA DE SANTA CATARINA
202500177,IC0250177,83476911000117,FUNDAÇÃO DE AMPARO À PESQUISA E EXTENSÃO UNIVERSITÁRIA
202500178,IC0250178,83476911000117,FUNDAÇÃO DE AMPARO À PESQUISA E EXTENSÃO UNIVERSITÁRIA
202500153,IC0250153,83566299000173,FUNDAÇÃO DE ESTUDOS E PESQUISAS SOCIOECONOMICAS
202500210,IC0250210,17015086000129,KOMPETENZ CLIMATIZAÇÃO LTDA
202500209,IC0250209,59717553000617,MULTILASER INDUSTRIAL LTDA
202500201,IC0250201,83566299000173,FUNDAÇÃO DE ESTUDOS E PESQUISAS SOCIOECONOMICAS
202500184,IC0250184,83476911000117,FUNDAÇÃO DE AMPARO À PESQUISA E EXTENSÃO UNIVERSITÁRIA
202500212,IC0250212,06932604000152,EVA CONSTRUCOES LTDA
202500208,IC0250208,22086683000346,HP BRASIL INDUSTRIA E COMERCIO DE EQUIPAMENTOS ELETRONICOS LTDA
202600003,IC0260003,48817398000180,PERKINELMER DO BRASIL ANALITICA LTDA
202500227,IC0250227,22086683000346,HP BRASIL INDUSTRIA E COMERCIO DE EQUIPAMENTOS ELETRONICOS LTDA
202600002,IC0260002,83476911000117,FUNDACAO DE AMPARO A PESQUISA E EXTENSAO UNIVERSITARIA
202600007,IC0260007,01191323000172,HOT SWAP INFORMATICA LTDA
202600008,IC0260008,85391720000188,EXTINGUE FOGO COMERCIO DE EXTINTORES LTDA – ME
202500200,IC0250200,83476911000117,FUNDACAO DE AMPARO A PESQUISA E EXTENSAO UNIVERSITARIA
202500189,IC0250189,83476911000117,FUNDACAO DE AMPARO A PESQUISA E EXTENSAO UNIVERSITARIA
202500170,IC0250170,82895327000133,FUNDAÇÃO DE ENSINO E ENGENHARIA DE SANTA CATARINA – FEESC
202600013,IC0260013,83566299000173,FUNDAÇÃO DE ESTUDOS E PESQUISAS SOCIOECONOMICAS
202500188,IC0250188,83566299000173,FUNDAÇÃO DE ESTUDOS E PESQUISAS SOCIOECONOMICAS
202500225,IC0250225,83566299000173,FUNDAÇÃO DE ESTUDOS E PESQUISAS SOCIOECONOMICAS
202500175,IC0250175,82895327000133,FUNDAÇÃO DE ENSINO E ENGENHARIA DE SANTA CATARINA – FEESC
202600006,IC0260006,06065407000183,QMC SANEAMENTO LTDA – EPP
202500223,IC0250223,83566299000173,FUNDAÇÃO DE ESTUDOS E PESQUISAS SOCIOECONOMICAS
202500216,IC0250216,15188785000145,M. G. CAMPOS INDUSTRIA COMERCIO E SERVICOS LTDA
202500217,IC0250217,20419850000136,K8.COM ENGENHARIA E SERVIÇOS LTDA
202600030,IC0260030,08753263000183,AJUR PRESTACAO DE SERVICOS EM INFORMATICA LTD
202500221,IC0250221,83566299000173,FUNDAÇÃO DE ESTUDOS E PESQUISAS SOCIOECONOMICAS
202500218,IC0250218,83476911000117,FUNDACAO DE AMPARO A PESQUISA E EXTENSAO UNIVERSITARIA
202500186,IC0250186,83476911000117,FUNDACAO DE AMPARO A PESQUISA E EXTENSAO UNIVERSITARIA